"zip_code","total_mtco2e","n_facilities","avg_mtco2e_per_facility"
77002,25113204,126,199311.142857143
80202,18942181,64,295971.578125
45620,18331570,2,9165785
35130,16558381,1,16558381
77520,15892981,9,1765886.77777778
63055,15388715,1,15388715
70669,12940008,14,924286.285714286
75691,12787949,1,12787949
77856,12278594,1,12278594
99734,11972701,16,748293.8125
77640,11839868,7,1691409.71428571
48161,11529210,2,5764605
62257,11519675,2,5759837.5
82070,11501790,2,5750895
59323,11441676,2,5720838
58523,11198075,3,3732691.66666667
26366,11179958,1,11179958
46402,10947159,2,5473579.5
41045,10331196,3,3443732
77469,10275022,2,5137511
30120,10241912,2,5120956
73102,9886448,34,290777.882352941
53154,9831200,2,4915600
70079,9740207,8,1217525.875
37050,9547800,2,4773900
46312,9497154,9,1055239.33333333
70346,9475266,1,9475266
43913,9267971,1,9267971
70631,9250903,5,1850180.6
48054,9064858,5,1812971.6
82942,8973791,1,8973791
78945,8873363,6,1478893.83333333
25213,8750974,1,8750974
40272,8534973,2,4267486.5
77079,8530614,15,568707.6
29468,8508886,1,8508886
34428,8392686,1,8392686
77541,8386452,9,931828
47665,8268672,1,8268672
77536,8024243,8,1003030.375
75225,7879258,21,375202.761904762
58576,7716347,1,7716347
0,7669766,102,75193.7843137255
41056,7659152,3,2553050.66666667
46304,7644163,1,7644163
31046,7612539,1,7612539
26541,7578123,2,3789061.5
78407,7434447,9,826049.666666667
55308,7404380,2,3702190
71730,7332300,10,733230
70734,7320902,16,457556.375
70805,7264228,7,1037746.85714286
69165,7190320,1,7190320
87416,7185334,1,7185334
33470,7147924,1,7147924
85938,7022190,1,7022190
40006,6994442,1,6994442
81006,6991406,1,6991406
78223,6862889,3,2287629.66666667
75846,6833230,3,2277743.33333333
90810,6812296,3,2270765.33333333
7036,6785885,3,2261961.66666667
77592,6722512,3,2240837.33333333
66040,6695259,1,6695259
49460,6673593,1,6673593
70665,6666943,9,740771.444444444
79701,6663846,14,475989
77024,6662689,27,246766.259259259
43616,6649551,7,949935.857142857
30080,6468269,1,6468269
79705,6445849,12,537154.083333333
77978,6155005,3,2051668.33333333
66536,6117109,1,6117109
62217,6075627,1,6075627
85322,6065898,3,2021966
77701,6064157,2,3032078.5
83101,6050621,4,1512655.25
65244,5958156,1,5958156
68410,5925043,1,5925043
32708,5902850,1,5902850
42086,5828807,1,5828807
51501,5752624,1,5752624
76065,5686243,5,1137248.6
27052,5584208,1,5584208
72562,5566309,1,5566309
77590,5486444,8,685805.5
70094,5359449,6,893241.5
70057,5315233,2,2657616.5
81626,5306621,1,5306621
47250,5302011,1,5302011
77463,5270596,3,1756865.33333333
32831,5252491,2,2626245.5
82716,5250708,6,875118
70051,5234843,3,1744947.66666667
52761,5231801,6,871966.833333333
46394,5222371,1,5222371
84624,5212216,2,2606108
33830,5201924,5,1040384.8
55721,5196646,1,5196646
39552,5180544,2,2590272
82935,5175156,5,1035031.2
28682,5154520,1,5154520
15944,5121650,3,1707216.66666667
36877,5078422,1,5078422
89124,5018014,5,1003602.8
36512,5007385,1,5007385
77507,5000092,16,312505.75
58530,4993025,1,4993025
78359,4972612,4,1243153
70765,4967560,2,2483780
31326,4966296,4,1241574
77506,4938389,6,823064.833333333
77642,4934923,3,1644974.33333333
11105,4912815,4,1228203.75
47567,4879129,1,4879129
25265,4870115,1,4870115
47629,4867519,1,4867519
35601,4864659,9,540517.666666667
39581,4784595,1,4784595
88240,4682531,11,425684.636363636
64098,4663771,1,4663771
47882,4641576,1,4641576
53954,4621127,1,4621127
26134,4617115,2,2308557.5
51054,4615874,4,1153968.5
77530,4614690,4,1153672.5
48640,4609330,1,4609330
98531,4536949,1,4536949
84513,4495601,1,4495601
62521,4435597,3,1478532.33333333
77523,4369206,6,728201
33905,4368950,2,2184475
94801,4366329,1,4366329
62084,4355134,2,2177567
94553,4345635,6,724272.5
44105,4339782,2,2169891
63869,4327992,1,4327992
77571,4307593,11,391599.363636364
37066,4245319,2,2122659.5
15380,4207277,3,1402425.66666667
79108,4207130,3,1402376.66666667
75126,4189567,2,2094783.5
47900,4188340,1,4188340
82637,4166695,1,4166695
45638,4157062,1,4157062
27343,4153422,2,2076711
96707,4122861,10,412286.1
39735,4086499,2,2043249.5
85337,4049874,1,4049874
75686,3997737,1,3997737
76048,3996217,4,999054.25
79766,3995749,3,1331916.33333333
71447,3988173,1,3988173
75240,3985548,32,124548.375
74172,3980895,14,284349.642857143
72132,3979106,1,3979106
55068,3971057,2,1985528.5
77488,3962771,3,1320923.66666667
90245,3939907,3,1313302.33333333
77580,3939001,7,562714.428571429
79706,3894252,11,354022.909090909
90744,3863365,5,772673
84078,3853317,5,770663.4
34972,3813084,1,3813084
58571,3785800,1,3785800
19706,3784066,3,1261355.33333333
26041,3777024,3,1259008
72370,3756615,2,1878307.5
18434,3712067,1,3712067
84528,3711390,1,3711390
28024,3711094,1,3711094
37662,3679916,1,3679916
85936,3663723,1,3663723
23847,3605193,1,3605193
19061,3593986,3,1197995.33333333
30721,3592262,2,1796131
15104,3576537,1,3576537
17314,3566413,1,3566413
26739,3562292,1,3562292
47025,3534921,3,1178307
28345,3529356,2,1764678
45043,3512088,1,3512088
52404,3495993,5,699198.6
62448,3469290,1,3469290
76682,3459099,1,3459099
52548,3426759,1,3426759
15774,3405678,2,1702839
29440,3396516,5,679303.2
30170,3388644,1,3388644
80723,3384162,3,1128054
63670,3371486,2,1685743
48121,3367514,2,1683757
77380,3358033,12,279836.083333333
74019,3354663,1,3354663
77318,3338252,2,1669126
82718,3332526,5,666505.2
34956,3286219,1,3286219
38109,3282318,3,1094106
75201,3249481,15,216632.066666667
63386,3233285,1,3233285
54455,3232155,2,1616077.5
98221,3228950,4,807237.5
47635,3224677,2,1612338.5
42350,3222613,1,3222613
71280,3219635,5,643927
77017,3217244,3,1072414.66666667
76501,3185589,2,1592794.5
45804,3179119,9,353235.444444444
17752,3176286,2,1588143
785,3170977,1,3170977
60421,3161001,3,1053667
53074,3154314,1,3154314
74053,3140720,1,3140720
77049,3140359,5,628071.8
22630,3136841,1,3136841
32713,3110499,2,1555249.5
94565,3109240,5,621848
47620,3101675,6,516945.833333333
35040,3098330,4,774582.5
79707,3039822,3,1013274
19030,3020440,2,1510220
78409,3017083,3,1005694.33333333
36006,3008069,3,1002689.66666667
33572,3002504,1,3002504
94510,2996794,1,2996794
35186,2996030,1,2996030
71838,2988090,2,1494045
43968,2971407,1,2971407
63627,2967851,1,2967851
97818,2964040,6,494006.666666667
97016,2961415,3,987138.333333333
49043,2950609,1,2950609
30217,2940756,4,735189
43723,2936098,1,2936098
78132,2934737,3,978245.666666667
37763,2925737,1,2925737
45052,2909143,2,1454571.5
17876,2909103,1,2909103
53511,2895059,3,965019.666666667
75840,2887686,2,1443843
32226,2878574,2,1439287
60410,2869046,5,573809.2
78124,2863651,1,2863651
70535,2831913,4,707978.25
79371,2831312,1,2831312
36067,2826559,2,1413279.5
94583,2825732,7,403676
47500,2815764,1,2815764
97838,2799659,3,933219.666666667
59101,2783064,5,556612.8
32533,2780855,4,695213.75
41129,2775189,5,555037.8
77960,2755586,1,2755586
75602,2725874,3,908624.666666667
18015,2716401,3,905467
33702,2699795,1,2699795
67337,2693576,4,673394
76629,2678550,1,2678550
81639,2668816,1,2668816
93251,2656386,5,531277.2
33619,2656312,3,885437.333333333
23005,2642144,2,1321072
27530,2637535,1,2637535
29655,2632605,1,2632605
49120,2628297,1,2628297
70645,2619892,1,2619892
74362,2606111,1,2606111
33314,2604525,2,1302262.5
44615,2600345,4,650086.25
90803,2594112,2,1297056
18848,2564256,4,641064
77511,2557393,2,1278696.5
40216,2546882,6,424480.333333333
42337,2534934,1,2534934
18603,2530181,1,2530181
64120,2527562,3,842520.666666667
32927,2522128,1,2522128
44481,2511984,4,627996
33404,2510228,1,2510228
29445,2506157,3,835385.666666667
84058,2497766,1,2497766
87413,2495474,7,356496.285714286
41100,2494124,1,2494124
52732,2488413,3,829471
98230,2487943,2,1243971.5
93243,2483798,2,1241899
15909,2481010,2,1240505
73701,2471504,2,1235752
76458,2455696,2,1227848
77614,2452772,2,1226386
70764,2451124,5,490224.8
33035,2447576,1,2447576
74037,2436825,3,812275
39194,2433917,1,2433917
34219,2422837,1,2422837
16102,2419495,1,2419495
15479,2416499,1,2416499
60450,2407859,7,343979.857142857
23856,2405590,1,2405590
60447,2395261,1,2395261
33860,2390276,2,1195138
62540,2381917,1,2381917
79007,2370959,7,338708.428571429
78539,2369403,4,592350.75
45786,2357367,2,1178683.5
63028,2347369,2,1173684.5
74601,2339720,5,467944
29697,2338387,1,2338387
49464,2335782,4,583945.5
85296,2329387,1,2329387
38603,2321855,1,2321855
15323,2312526,1,2312526
74011,2279970,1,2279970
72734,2278545,1,2278545
75462,2276923,2,1138461.5
26033,2274500,3,758166.666666667
12077,2273112,1,2273112
81301,2240215,6,373369.166666667
72104,2239963,5,447992.6
70086,2236886,3,745628.666666667
62040,2234588,3,744862.666666667
76102,2234396,12,186199.666666667
61554,2213457,3,737819
93311,2208949,8,276118.625
74553,2201473,1,2201473
6241,2199930,2,1099965
78112,2161279,2,1080639.5
77611,2137865,1,2137865
70821,2133109,2,1066554.5
656,2121881,1,2121881
15461,2111450,1,2111450
70760,2106119,1,2106119
77521,2103735,1,2103735
15317,2101457,11,191041.545454545
79934,2099729,4,524932.25
26585,2090018,1,2090018
73054,2087378,1,2087378
53802,2086756,1,2086756
90504,2085774,2,1042887
86032,2081385,2,1040692.5
6604,2080378,2,1040189
45715,2074696,1,2074696
80817,2070276,6,345046
29927,2054257,1,2054257
18013,2042966,2,1021483
70068,2041323,2,1020661.5
33316,2027489,1,2027489
95039,2027036,1,2027036
57216,2015901,2,1007950.5
66044,2005257,3,668419
38606,1996688,2,998344
10009,1995501,1,1995501
6478,1994154,2,997077
79772,1989578,10,198957.8
77480,1988672,2,994336
78602,1978017,3,659339
74337,1969971,1,1969971
12522,1968352,1,1968352
20613,1954046,2,977023
17325,1953011,1,1953011
39745,1950979,1,1950979
89165,1924446,7,274920.857142857
29044,1921799,3,640599.666666667
47630,1919005,2,959502.5
32234,1917386,3,639128.666666667
60439,1916896,2,958448
46552,1916646,2,958323
65807,1915922,1,1915922
78666,1911278,1,1911278
936,1910753,2,955376.5
704,1901295,1,1901295
67042,1900412,2,950206
78155,1890462,2,945231
23860,1861914,3,620638
21791,1857878,1,1857878
94572,1856053,2,928026.5
46151,1855770,1,1855770
13126,1853842,4,463460.5
49707,1848623,2,924311.5
46392,1846166,2,923083
62454,1845872,2,922936
54130,1842757,2,921378.5
39501,1839378,1,1839378
33848,1836405,2,918202.5
76644,1835223,1,1835223
92308,1816908,1,1816908
78362,1803754,1,1803754
89434,1803459,2,901729.5
78012,1802760,1,1802760
80651,1800780,3,600260
74103,1782733,11,162066.636363636
35010,1771150,2,885575
67851,1762144,3,587381.333333333
71367,1760280,2,880140
77641,1753171,3,584390.333333333
8872,1743365,3,581121.666666667
7105,1740227,3,580075.666666667
15370,1739789,5,347957.8
79323,1739439,6,289906.5
77705,1733277,7,247611
71052,1724447,5,344889.4
37857,1714111,1,1714111
46217,1700381,1,1700381
20175,1699134,3,566378
72426,1694715,1,1694715
38671,1681842,1,1681842
17042,1677037,1,1677037
28147,1676213,1,1676213
20602,1674215,2,837107.5
17347,1668140,1,1668140
77876,1662556,1,1662556
79086,1662506,4,415626.5
45044,1660773,2,830386.5
21918,1652500,1,1652500
15061,1647753,3,549251
36582,1643676,5,328735.2
8066,1630456,3,543485.333333333
98248,1626226,3,542075.333333333
70043,1623188,2,811594
19022,1622161,2,811080.5
77905,1617650,4,404412.5
50158,1606091,3,535363.666666667
32409,1602401,1,1602401
62959,1600346,2,800173
15144,1596436,2,798218
10940,1590251,2,795125.5
74849,1589820,1,1589820
68112,1588043,1,1588043
28145,1587928,2,793964
92394,1585414,1,1585414
19605,1578806,1,1578806
70776,1574046,4,393511.5
28401,1570239,3,523413
30903,1566702,1,1566702
79770,1559966,12,129997.166666667
54610,1546538,1,1546538
32514,1542160,2,771080
24590,1529451,1,1529451
74434,1526875,1,1526875
43821,1526709,1,1526709
78410,1525032,2,762516
6460,1517336,2,758668
80216,1514357,1,1514357
71101,1509974,2,754987
67460,1500539,5,300107.8
39766,1499074,1,1499074
86413,1490030,3,496676.666666667
949,1485975,1,1485975
46360,1482492,2,741246
36038,1478561,1,1478561
77630,1478077,4,369519.25
98632,1471104,6,245184
27288,1470089,1,1470089
63801,1466563,1,1466563
88030,1461719,3,487239.666666667
85606,1458091,1,1458091
28704,1455027,1,1455027
71032,1454827,4,363706.75
81635,1454683,4,363670.75
33834,1452775,2,726387.5
80549,1451281,1,1451281
21226,1446503,4,361625.75
39328,1443549,2,721774.5
8832,1441687,1,1441687
15320,1441168,1,1441168
11768,1434384,1,1434384
624,1431256,1,1431256
93562,1429568,1,1429568
76426,1427501,4,356875.25
49720,1425742,1,1425742
92368,1424150,1,1424150
47885,1423130,2,711565
85043,1413917,1,1413917
98541,1397812,1,1397812
73134,1387386,8,173423.25
38012,1385698,4,346424.5
35006,1383465,1,1383465
94509,1375363,3,458454.333333333
19508,1372404,3,457468
27574,1369520,1,1369520
79008,1367497,1,1367497
2919,1367202,2,683601
93276,1359183,2,679591.5
66720,1357263,3,452421
78654,1356692,1,1356692
74107,1354106,3,451368.666666667
52658,1350065,1,1350065
43931,1342071,1,1342071
39213,1341344,2,670672
45695,1340778,1,1340778
56001,1333928,5,266785.6
47561,1322754,2,661377
79754,1321969,8,165246.125
77481,1315735,1,1315735
48217,1314947,2,657473.5
43469,1314750,1,1314750
30264,1306893,1,1306893
55768,1305689,1,1305689
3053,1299588,1,1299588
93224,1296899,4,324224.75
23826,1292661,1,1292661
90013,1292520,2,646260
77012,1290033,2,645016.5
11101,1286201,1,1286201
19809,1284506,3,428168.666666667
26416,1284416,1,1284416
76487,1279095,1,1279095
50428,1277616,2,638808
43420,1277562,1,1277562
92646,1275616,1,1275616
77651,1275461,3,425153.666666667
26036,1274188,3,424729.333333333
61071,1268810,2,634405
75670,1267251,2,633625.5
2019,1265258,2,632629
75669,1262932,1,1262932
79755,1257710,7,179672.857142857
97603,1246460,2,623230
73005,1244933,3,414977.666666667
75092,1242048,1,1242048
26170,1241583,1,1241583
85222,1240576,1,1240576
28086,1237626,1,1237626
89438,1234360,1,1234360
12144,1231266,2,615633
77064,1215534,2,607767
33178,1214907,3,404969
73801,1213181,2,606590.5
95955,1208755,2,604377.5
7077,1207079,1,1207079
29059,1205311,1,1205311
58801,1199937,8,149992.125
29053,1185677,2,592838.5
75039,1184713,4,296178.25
93308,1184224,14,84587.4285714286
6457,1179050,3,393016.666666667
92356,1178982,1,1178982
68310,1175180,5,235036
70723,1166713,3,388904.333333333
42029,1163626,6,193937.666666667
35444,1163559,2,581779.5
77070,1163135,6,193855.833333333
75251,1159940,7,165705.714285714
55401,1154834,5,230966.8
15748,1154482,1,1154482
78612,1153440,1,1153440
20657,1152356,1,1152356
34691,1149387,1,1149387
80643,1148220,3,382740
84645,1147967,1,1147967
23123,1146397,1,1146397
76043,1135421,8,141927.625
17976,1133245,1,1133245
83858,1131809,2,565904.5
79720,1127012,5,225402.4
76033,1121557,6,186926.166666667
12143,1120895,1,1120895
68601,1120071,2,560035.5
57702,1119832,3,373277.333333333
39160,1118035,1,1118035
95638,1117202,1,1117202
29448,1117170,2,558585
7657,1111182,1,1111182
86440,1108067,1,1108067
58640,1105820,4,276455
96782,1105796,1,1105796
68902,1097681,1,1097681
64080,1097268,2,548634
24639,1092629,1,1092629
89820,1088648,1,1088648
77389,1087263,1,1087263
40330,1086475,2,543237.5
70052,1081590,3,360530
1504,1080447,1,1080447
43961,1076241,1,1076241
79408,1075623,1,1075623
2830,1072703,2,536351.5
77055,1071309,2,535654.5
74651,1068660,1,1068660
77631,1068239,2,534119.5
75703,1065800,6,177633.333333333
49849,1065738,1,1065738
39459,1060466,2,530233
36553,1059568,4,264892
92374,1056295,1,1056295
82334,1055493,2,527746.5
55102,1055379,3,351793
77056,1036763,4,259190.75
80022,1034412,3,344804
96915,1030691,5,206138.2
46135,1028904,1,1028904
39475,1027445,2,513722.5
50532,1025233,1,1025233
29842,1019835,2,509917.5
76112,1011202,1,1011202
48120,1006823,1,1006823
24426,1003770,2,501885
62414,999225,1,999225
55003,998891,1,998891
93501,991489,1,991489
24273,988518,1,988518
93309,983355,3,327785
46721,982503,1,982503
73065,971688,2,485844
41006,968811,3,322937
29038,968630,1,968630
88210,966894,4,241723.5
51052,963695,1,963695
89019,962891,2,481445.5
16873,956343,1,956343
11205,955561,1,955561
64804,952873,4,238218.25
90745,948505,1,948505
66748,939681,1,939681
75650,931067,1,931067
61242,930693,2,465346.5
95013,930078,1,930078
98532,929378,2,464689
74361,927841,5,185568.2
4092,927793,3,309264.333333333
70070,924774,2,462387
45629,921343,1,921343
76107,918238,5,183647.6
59044,918021,1,918021
35131,917174,2,458587
95993,917106,5,183421.2
85354,914413,2,457206.5
92154,914166,3,304722
66104,910388,2,455194
11719,908006,2,454003
49203,904704,2,452352
73401,904146,2,452073
44706,903108,4,225777
48811,901579,1,901579
78610,898805,2,449402.5
15927,897020,1,897020
35401,896528,1,896528
46406,896323,1,896323
32926,888722,2,444361
33823,887554,2,443777
2191,886337,1,886337
77042,885392,4,221348
36610,884411,3,294803.666666667
71836,884375,1,884375
81004,883871,2,441935.5
55071,883680,1,883680
63701,881409,2,440704.5
71601,879992,2,439996
45439,878240,2,439120
77995,877406,3,292468.666666667
46947,877266,5,175453.2
17931,875724,1,875724
50317,871565,3,290521.666666667
2903,864335,2,432167.5
55337,864147,2,432073.5
63353,860677,1,860677
79782,859190,5,171838
47446,859099,2,429549.5
11558,857906,1,857906
37405,853266,2,426633
26055,852470,4,213117.5
75024,848811,10,84881.1
77627,848543,4,212135.75
25401,846192,1,846192
80203,842127,9,93569.6666666667
52728,841277,1,841277
78617,838023,1,838023
71068,831885,5,166377
37716,830801,1,830801
26582,828474,1,828474
66801,827485,2,413742.5
98446,827385,2,413692.5
68368,826199,1,826199
98620,826172,1,826172
33801,821581,2,410790.5
77010,819457,2,409728.5
37134,818804,3,272934.666666667
2142,816328,2,408164
73118,810516,3,270172
79905,808813,1,808813
32669,808554,1,808554
61025,807616,1,807616
43605,802938,1,802938
36740,801002,1,801002
63933,799736,1,799736
24175,799497,1,799497
39568,792226,1,792226
76106,791312,3,263770.666666667
85654,789422,1,789422
78754,788667,3,262889
86434,787420,1,787420
78266,787292,1,787292
26181,786578,2,393289
54880,786227,3,262075.666666667
34981,782302,3,260767.333333333
21502,781434,1,781434
74120,780909,2,390454.5
78216,776731,2,388365.5
16823,774197,2,387098.5
33716,772359,2,386179.5
70767,771056,3,257018.666666667
15025,769566,1,769566
86324,768127,1,768127
74735,763190,1,763190
61301,761561,1,761561
18240,760639,1,760639
19146,758715,2,379357.5
79311,756063,3,252021
67801,754933,4,188733.25
62703,751624,1,751624
85714,751196,1,751196
64050,749026,2,374513
70075,748956,1,748956
16365,745558,3,248519.333333333
22026,742576,1,742576
62828,742289,1,742289
95380,741723,2,370861.5
83647,739142,2,369571
81226,737083,1,737083
58831,734871,3,244957
26574,731995,1,731995
34601,731488,1,731488
58601,730738,2,365369
75219,727934,4,181983.5
81001,727076,1,727076
10314,725857,2,362928.5
24283,724234,1,724234
49684,723057,4,180764.25
36513,722588,2,361294
48732,719951,1,719951
44053,717758,1,717758
92225,717622,2,358811
78418,717549,1,717549
94545,717395,1,717395
99510,714840,1,714840
81650,711556,4,177889
32304,708053,2,354026.5
80621,707031,5,141406.2
79739,706659,6,117776.5
12015,705858,1,705858
58554,703833,2,351916.5
79535,701489,2,350744.5
98660,700250,1,700250
43903,699295,1,699295
88252,697815,3,232605
94525,695258,1,695258
75630,693718,2,346859
44411,687564,2,343782
16133,687445,2,343722.5
18629,685923,1,685923
18014,684874,1,684874
89005,679414,1,679414
48218,677740,2,338870
99503,674964,11,61360.3636363636
74951,673361,1,673361
36732,672013,3,224004.333333333
71019,669071,5,133814.2
78071,668326,1,668326
45067,664841,2,332420.5
79741,663736,4,165934
59034,663072,1,663072
75633,658824,9,73202.6666666667
70807,656842,6,109473.666666667
35673,655242,2,327621
18064,646387,1,646387
73098,646029,1,646029
74403,643726,2,321863
98273,641257,1,641257
41230,640818,1,640818
75785,640609,1,640609
26059,636016,1,636016
44103,635924,3,211974.666666667
70750,633554,1,633554
75119,631722,2,315861
42452,631624,3,210541.333333333
76450,631442,1,631442
75182,630810,2,315405
2878,630574,1,630574
68025,625683,2,312841.5
87401,625641,5,125128.2
62860,621219,1,621219
37774,620595,3,206865
21230,619259,4,154814.75
48006,619201,1,619201
88044,617432,2,308716
50401,616162,2,308081
32177,615748,3,205249.333333333
88063,614971,2,307485.5
61327,613883,2,306941.5
68037,612375,1,612375
91502,611157,1,611157
79938,609575,1,609575
36548,609419,1,609419
99743,607686,1,607686
83655,607456,1,607456
18067,606371,1,606371
83276,605056,2,302528
49431,603973,3,201324.333333333
79730,601744,9,66860.4444444444
29450,598948,1,598948
99611,596601,2,298300.5
77512,594751,2,297375.5
32571,593668,3,197889.333333333
47670,591051,2,295525.5
70791,590511,3,196837
32355,590504,1,590504
78730,589453,3,196484.333333333
77084,588685,1,588685
23181,587189,1,587189
91352,586639,2,293319.5
82901,586184,2,293092
77046,585755,5,117151
72501,584247,2,292123.5
77983,583731,1,583731
74116,581055,3,193685
97905,580299,1,580299
84050,579152,1,579152
79360,577835,3,192611.666666667
4276,577692,2,288846
43443,576367,2,288183.5
33182,575920,1,575920
92243,575772,2,287886
22942,575747,2,287873.5
19013,573630,4,143407.5
75034,573459,3,191153
50501,572295,5,114459
36426,571959,2,285979.5
39832,571921,1,571921
46410,570837,6,95139.5
90293,569763,1,569763
98295,569196,3,189732
84103,568979,1,568979
84116,568945,2,284472.5
32653,568933,2,284466.5
70538,568105,3,189368.333333333
33585,567263,1,567263
32034,566157,3,188719
36703,563328,3,187776
19522,558292,1,558292
78374,556933,1,556933
35616,553216,2,276608
17821,552919,2,276459.5
49751,551608,1,551608
84648,548943,1,548943
63401,548811,1,548811
26378,547906,5,109581.2
16160,546395,1,546395
11801,544377,2,272188.5
24124,542610,1,542610
25836,542008,1,542008
92823,541858,1,541858
72206,540080,3,180026.666666667
91342,537347,2,268673.5
60501,536533,1,536533
78572,535942,1,535942
75243,535084,1,535084
14845,534547,2,267273.5
77414,531817,4,132954.25
2129,528357,1,528357
78387,524838,4,131209.5
16374,522920,2,261460
79549,522632,3,174210.666666667
56284,522589,1,522589
35094,522543,1,522543
73045,520622,1,520622
49730,518116,2,259058
35137,517405,1,517405
73013,517200,5,103440
10993,516750,1,516750
84087,515690,3,171896.666666667
46060,513413,1,513413
88220,513400,8,64175
82831,512910,1,512910
78343,511371,2,255685.5
68008,510871,1,510871
93561,510013,1,510013
79745,509465,9,56607.2222222222
27320,508925,2,254462.5
89883,504922,1,504922
24631,504074,3,168024.666666667
68801,503348,2,251674
52553,503337,2,251668.5
81082,501960,4,125490
75013,501412,2,250706
92029,500649,2,250324.5
85281,499893,4,124973.25
39654,498188,1,498188
39703,498162,1,498162
84054,496595,2,248297.5
3801,495602,5,99120.4
74136,495343,13,38103.3076923077
35007,494757,1,494757
55016,494467,2,247233.5
78217,492032,1,492032
46221,490870,3,163623.333333333
78380,490203,4,122550.75
58045,488893,1,488893
79778,488617,3,162872.333333333
73113,487760,3,162586.666666667
44815,485544,1,485544
85283,485283,1,485283
49634,484984,2,242492
42501,484225,1,484225
86334,483450,1,483450
75241,482798,1,482798
33412,482637,2,241318.5
49829,481894,2,240947
45385,478200,1,478200
77615,477024,1,477024
77057,474377,3,158125.666666667
26456,472210,4,118052.5
20608,471263,1,471263
22580,471194,1,471194
47905,470978,5,94195.6
93450,470357,4,117589.25
39571,469285,2,234642.5
72315,468106,2,234053
66770,468066,1,468066
98134,467660,3,155886.666666667
43515,466854,2,233427
84170,464388,1,464388
96753,464012,1,464012
58852,463742,4,115935.5
48226,463432,2,231716
7102,462889,1,462889
18834,462274,2,231137
67427,462220,2,231110
57026,461037,1,461037
59404,456434,2,228217
17362,455778,1,455778
31415,454058,2,227029
76634,453290,1,453290
21742,451527,1,451527
58075,450866,2,225433
30906,448795,2,224397.5
612,448033,2,224016.5
78402,447761,1,447761
71292,447072,2,223536
75460,446632,3,148877.333333333
84539,443200,2,221600
36571,443197,2,221598.5
33841,442007,1,442007
37924,441463,1,441463
75603,440942,4,110235.5
60446,440482,1,440482
75702,440271,1,440271
18083,438412,1,438412
36868,437315,1,437315
32809,436567,1,436567
70605,435674,2,217837
77901,434930,2,217465
43986,433454,1,433454
48917,432995,2,216497.5
74764,432836,1,432836
97124,432610,3,144203.333333333
55021,432323,2,216161.5
70129,431826,2,215913
7002,430974,2,215487
95242,430625,2,215312.5
74820,429907,1,429907
31520,429604,1,429604
55009,429491,1,429491
54956,428638,3,142879.333333333
78701,428613,7,61230.4285714286
98225,427032,1,427032
36523,426790,3,142263.333333333
33880,426065,1,426065
99518,425927,2,212963.5
22079,423780,2,211890
2770,423563,1,423563
84104,422913,3,140971
36505,422102,3,140700.666666667
15222,420523,2,210261.5
60436,417900,2,208950
20842,417701,2,208850.5
71232,417244,6,69540.6666666667
53233,416963,1,416963
49423,416484,2,208242
85630,415929,1,415929
47928,415469,2,207734.5
82336,415399,2,207699.5
77632,415260,2,207630
25002,414450,1,414450
99702,413806,1,413806
14304,410471,3,136823.666666667
33873,409390,1,409390
71822,408171,1,408171
82633,407401,5,81480.2
25183,405251,1,405251
4401,404444,2,202222
36752,404081,1,404081
18252,403544,1,403544
75211,403036,1,403036
46368,402665,3,134221.666666667
28716,400763,1,400763
55738,398435,1,398435
71207,397768,1,397768
15931,397402,1,397402
92602,396386,1,396386
25704,396207,2,198103.5
73016,396038,4,99009.5
77461,395627,1,395627
77475,394026,1,394026
79031,387462,1,387462
89822,386051,2,193025.5
89408,385165,1,385165
95377,384414,1,384414
82001,383736,1,383736
55720,383404,4,95851
36916,382793,1,382793
73501,382412,2,191206
62941,380737,1,380737
88256,380539,4,95134.75
95054,379656,1,379656
85248,378991,1,378991
36470,378850,1,378850
78014,378577,5,75715.4
70522,377033,2,188516.5
78611,376224,1,376224
72316,375417,1,375417
71109,375380,1,375380
32128,375205,1,375205
63866,375032,1,375032
71247,372721,1,372721
99504,370372,1,370372
58225,370074,1,370074
61602,369931,3,123310.333333333
73104,366116,2,183058
29212,365876,1,365876
96003,365332,1,365332
14606,363345,1,363345
41102,362415,2,181207.5
15122,362318,1,362318
80019,361759,3,120586.333333333
32008,361182,1,361182
82934,361087,3,120362.333333333
77979,360736,2,180368
95826,360185,2,180092.5
32218,359850,2,179925
31013,359397,1,359397
45879,358128,1,358128
44878,357603,1,357603
80631,356759,2,178379.5
23234,356420,2,178210
28073,356229,1,356229
68901,355771,3,118590.333333333
30294,353122,1,353122
17981,352869,1,352869
14441,352625,1,352625
73753,352611,1,352611
52632,351512,1,351512
53523,349879,1,349879
45750,349345,3,116448.333333333
29423,349147,1,349147
99701,348169,2,174084.5
19067,347515,2,173757.5
58854,347200,4,86800
55746,346463,2,173231.5
87105,345917,1,345917
70710,345810,2,172905
83301,345155,4,86288.75
84651,344442,1,344442
42431,344390,1,344390
97030,344074,2,172037
73004,343951,3,114650.333333333
2451,343375,1,343375
1151,342779,2,171389.5
77975,342707,2,171353.5
75572,341583,1,341583
43512,340029,5,68005.8
45714,339488,2,169744
29501,339409,1,339409
93516,339373,1,339373
74063,338411,2,169205.5
80601,338082,1,338082
99567,337966,1,337966
97391,336731,1,336731
87113,335461,2,167730.5
53073,334103,1,334103
31801,334056,1,334056
81303,333442,1,333442
99363,333043,3,111014.333333333
77545,332671,1,332671
98421,332166,4,83041.5
10021,331377,2,165688.5
80111,331275,4,82818.75
94105,331110,3,110370
54302,330310,3,110103.333333333
59711,330090,1,330090
31058,329829,1,329829
80401,329280,2,164640
53019,328455,1,328455
32601,328372,1,328372
46725,328103,1,328103
56721,327866,1,327866
88045,327554,3,109184.666666667
90802,327205,3,109068.333333333
79718,326808,1,326808
7065,326447,2,163223.5
93662,325467,1,325467
71469,325451,1,325451
45692,325170,1,325170
59634,323958,1,323958
70721,322877,2,161438.5
39746,322671,1,322671
41092,322597,1,322597
19901,322457,1,322457
27806,321374,1,321374
32256,321118,1,321118
54494,320692,1,320692
70634,320663,2,160331.5
30107,320612,3,106870.666666667
67901,319096,6,53182.6666666667
54304,318363,1,318363
26814,318257,1,318257
98611,317648,1,317648
75080,317454,2,158727
11590,316905,1,316905
32348,316883,1,316883
42301,316336,2,158168
4976,316254,1,316254
73132,315765,2,157882.5
76484,315295,1,315295
32732,315253,1,315253
45601,312941,1,312941
56560,312834,1,312834
6605,309543,1,309543
93635,309342,3,103114
89122,309091,1,309091
82642,308857,3,102952.333333333
31705,308749,5,61749.8
80623,308327,1,308327
75074,307429,6,51238.1666666667
74538,306898,5,61379.6
680,305955,1,305955
81434,304967,1,304967
56716,304856,1,304856
99703,304842,1,304842
99705,304749,2,152374.5
44045,304546,1,304546
83687,304400,2,152200
87059,304227,1,304227
77045,303341,3,101113.666666667
73127,302757,1,302757
30643,302328,2,151164
28456,301786,1,301786
92258,301675,2,150837.5
57201,301525,3,100508.333333333
91761,300061,3,100020.333333333
48824,298938,1,298938
67030,298714,2,149357
71241,298641,3,99547
82609,297831,2,148915.5
78830,297800,2,148900
10566,297790,1,297790
48192,297742,3,99247.3333333333
35217,297678,3,99226
22734,296646,2,148323
79355,296516,2,148258
13662,296319,2,148159.5
26508,296034,3,98678
79731,295969,4,73992.25
18052,295726,1,295726
46013,294936,2,147468
83501,294660,1,294660
75163,294097,2,147048.5
93033,292622,2,146311
820,292268,3,97422.6666666667
71635,292154,2,146077
77830,292026,1,292026
38326,291173,1,291173
54457,290303,2,145151.5
64504,289432,1,289432
26354,288930,1,288930
18621,288627,2,144313.5
75454,288302,1,288302
85228,287951,1,287951
54113,287871,1,287871
30805,287481,1,287481
53190,285127,1,285127
40391,284981,2,142490.5
45251,284432,1,284432
75972,283960,1,283960
73179,283668,1,283668
73014,283631,3,94543.6666666667
1835,282958,2,141479
83347,282864,1,282864
75089,282235,1,282235
70586,281167,2,140583.5
77962,280978,1,280978
44811,280820,2,140410
24534,280701,1,280701
19122,280419,2,140209.5
43123,279731,1,279731
93030,279351,2,139675.5
1970,278894,1,278894
58481,278522,1,278522
77503,277140,4,69285
78375,276884,2,138442
1507,276642,2,138321
59644,276271,1,276271
17408,275645,1,275645
37660,275606,2,137803
95824,275040,1,275040
96929,274168,4,68542
44005,273238,1,273238
43302,273137,2,136568.5
48109,272741,1,272741
63043,272457,1,272457
80206,272203,4,68050.75
70427,270520,2,135260
16003,269985,1,269985
52722,269183,1,269183
90277,268950,1,268950
61109,268871,1,268871
89447,267523,1,267523
50010,266986,3,88995.3333333333
91792,266287,1,266287
49201,265921,5,53184.2
77833,264552,2,132276
78357,263870,1,263870
65301,263722,4,65930.5
30125,263522,1,263522
2215,263148,1,263148
60936,262372,3,87457.3333333333
61547,262365,2,131182.5
16933,261309,1,261309
54303,261044,3,87014.6666666667
97812,260629,1,260629
36580,259618,1,259618
93065,259438,1,259438
47907,259288,1,259288
76109,259047,2,129523.5
4694,258839,1,258839
42087,258724,2,129362
60099,258704,2,129352
77396,258588,1,258588
29704,257855,1,257855
36502,257755,2,128877.5
51503,257722,2,128861
27709,257690,1,257690
54220,256915,3,85638.3333333333
77547,256566,4,64141.5
39140,256034,3,85344.6666666667
27870,255718,1,255718
804,255544,1,255544
47933,255383,1,255383
23851,255299,3,85099.6666666667
76943,254400,5,50880
55792,254377,2,127188.5
31206,254362,3,84787.3333333333
48910,254166,1,254166
71115,253555,4,63388.75
79847,253512,2,126756
77015,252593,5,50518.6
78746,252433,4,63108.25
25530,252432,3,84144
48184,252107,2,126053.5
61068,252040,2,126020
35661,251918,2,125959
49866,251809,1,251809
58012,251713,1,251713
48048,251456,1,251456
68701,251390,2,125695
76712,251298,2,125649
42276,251248,2,125624
54981,251150,2,125575
82009,250496,2,125248
59752,250489,1,250489
17832,250388,1,250388
791,249572,1,249572
98038,249403,1,249403
35740,249229,2,124614.5
45856,248864,2,124432
46161,248693,2,124346.5
35804,248502,2,124251
36545,248218,2,124109
37321,248101,1,248101
31407,246994,2,123497
83124,246920,2,123460
24150,246826,1,246826
32570,246816,1,246816
26238,245850,1,245850
79928,245850,1,245850
49007,245349,1,245349
29526,245019,1,245019
70775,244955,2,122477.5
71630,244832,1,244832
15086,244241,3,81413.6666666667
82930,243728,3,81242.6666666667
80540,243722,1,243722
84330,243503,1,243503
29627,243430,1,243430
20110,243398,1,243398
2139,243280,2,121640
35064,243031,1,243031
85326,242864,2,121432
79756,241806,1,241806
17406,241785,2,120892.5
85128,241403,1,241403
8701,241384,2,120692
56031,241241,2,120620.5
72762,241153,2,120576.5
50701,239804,4,59951
45331,239448,2,119724
31545,239187,1,239187
67501,238667,3,79555.6666666667
78713,237789,1,237789
95354,237064,2,118532
4861,236953,1,236953
19486,236625,1,236625
11777,236517,1,236517
36769,236263,1,236263
35071,236177,1,236177
71063,236080,1,236080
99356,235650,1,235650
49840,235536,1,235536
30656,234736,4,58684
15221,234392,1,234392
10003,234297,2,117148.5
24526,233196,1,233196
49224,233137,2,116568.5
78728,232313,1,232313
41008,231817,2,115908.5
12883,231764,1,231764
55753,231349,1,231349
17701,230647,3,76882.3333333333
85364,230299,2,115149.5
52154,229718,1,229718
47501,229633,1,229633
78541,229412,3,76470.6666666667
93307,228938,3,76312.6666666667
96001,228014,2,114007
57213,227933,1,227933
34610,227766,2,113883
33073,227425,1,227425
12822,226908,1,226908
90058,226881,3,75627
52655,226468,2,113234
89437,226452,1,226452
46268,226228,1,226228
29626,225327,1,225327
73052,225168,2,112584
84101,224486,4,56121.5
77964,224223,2,112111.5
11430,223890,1,223890
22485,223064,1,223064
72110,222994,2,111497
31082,222353,4,55588.25
47362,221496,2,110748
44427,221357,2,110678.5
46176,221266,3,73755.3333333333
43103,221168,1,221168
84029,220501,3,73500.3333333333
27405,220460,1,220460
44820,219995,1,219995
96720,219981,2,109990.5
36079,219877,1,219877
78119,219600,2,109800
26330,219126,3,73042
87121,219057,1,219057
43215,218670,2,109335
43771,218515,1,218515
60504,218334,1,218334
45690,217424,1,217424
27922,216464,1,216464
1527,215002,1,215002
95503,214599,2,107299.5
79719,214382,2,107191
80526,213903,1,213903
61820,212947,1,212947
29340,212397,2,106198.5
15301,212250,3,70750
17745,212150,1,212150
53701,211764,1,211764
47955,211216,1,211216
77078,210802,1,210802
15701,210754,2,105377
50670,210590,2,105295
47586,210471,1,210471
19610,210060,1,210060
25304,209788,3,69929.3333333333
35576,209664,1,209664
70341,209391,2,104695.5
37701,208742,1,208742
11742,208338,2,104169
73717,207324,3,69108
55414,207142,1,207142
75110,206703,2,103351.5
77060,205899,3,68633
91384,205818,1,205818
12801,205362,2,102681
90095,204921,1,204921
44830,204564,3,68188
57043,204168,1,204168
17015,203651,1,203651
32611,203558,1,203558
94551,203454,1,203454
50126,203142,2,101571
55455,202751,1,202751
70546,202749,3,67583
54487,202705,1,202705
50616,201940,1,201940
57002,201939,1,201939
81648,201938,3,67312.6666666667
84095,201884,2,100942
46714,201608,2,100804
81137,201532,3,67177.3333333333
28352,201177,1,201177
67905,200956,1,200956
1845,200790,1,200790
77086,200735,1,200735
43143,200709,1,200709
43160,200585,2,100292.5
76305,200574,1,200574
99635,200522,2,100261
93210,199976,2,99988
35404,199909,1,199909
55396,199565,1,199565
95035,198863,1,198863
87002,198630,3,66210
78219,198476,1,198476
29033,198376,3,66125.3333333333
75701,198321,1,198321
60563,197989,2,98994.5
57451,197928,1,197928
11201,197797,1,197797
43812,197714,4,49428.5
79045,197256,2,98628
83864,197109,2,98554.5
68743,196869,2,98434.5
43106,196764,1,196764
28027,196457,1,196457
92335,196336,2,98168
32583,196275,1,196275
50629,196145,1,196145
82072,196001,1,196001
47649,195940,1,195940
27962,195445,1,195445
45121,195416,1,195416
12020,195172,1,195172
52804,195119,2,97559.5
16033,195091,3,65030.3333333333
77007,194875,1,194875
70091,194855,1,194855
95683,194631,1,194631
40351,194506,2,97253
6520,194365,2,97182.5
42330,193919,1,193919
51035,193904,1,193904
80645,193642,1,193642
55924,193607,1,193607
76431,193264,1,193264
31047,193013,3,64337.6666666667
72949,193004,1,193004
78061,192910,1,192910
51346,192779,1,192779
48167,191940,1,191940
33547,191612,2,95806
97405,191362,2,95681
45414,191263,2,95631.5
38229,191243,1,191243
12158,191159,2,95579.5
48164,190933,1,190933
74170,190877,4,47719.25
89030,190538,2,95269
77420,190363,2,95181.5
75235,190248,1,190248
97054,190239,1,190239
78072,189988,2,94994
20892,189740,1,189740
75125,189685,1,189685
84102,189673,2,94836.5
50510,189653,1,189653
75961,189465,1,189465
65781,189232,1,189232
29385,188915,2,94457.5
70749,188863,1,188863
68620,188635,1,188635
56181,188618,1,188618
42348,188469,3,62823
71046,188464,2,94232
24874,188425,1,188425
61350,187534,4,46883.5
8104,187523,2,93761.5
75935,187397,3,62465.6666666667
67205,187249,1,187249
47866,186995,1,186995
58041,186974,1,186974
46167,186944,1,186944
80906,186821,1,186821
43460,186764,1,186764
38863,186480,1,186480
91745,186404,1,186404
75901,186270,3,62090
68869,186225,1,186225
39156,186174,1,186174
71226,186145,1,186145
78145,186054,3,62018
82902,185895,2,92947.5
37353,185601,1,185601
29540,185445,1,185445
31054,185323,3,61774.3333333333
28210,185052,3,61684
56048,184615,1,184615
15745,184576,1,184576
16023,184561,1,184561
76932,184295,2,92147.5
26050,183990,1,183990
36782,183986,1,183986
79714,183674,4,45918.5
73142,182531,1,182531
35051,182404,1,182404
45100,182345,1,182345
31601,182015,3,60671.6666666667
61234,180859,1,180859
54307,180804,2,90402
50164,180626,1,180626
46992,180518,4,45129.5
71411,180358,1,180358
71282,180040,1,180040
77518,180017,1,180017
42351,179883,1,179883
19428,179739,2,89869.5
48723,179713,2,89856.5
13078,179378,1,179378
79065,179361,5,35872.2
48706,179043,1,179043
96740,178753,1,178753
80228,178705,3,59568.3333333333
77030,178546,2,89273
30734,178534,1,178534
13202,178502,2,89251
7753,178057,1,178057
39815,178015,2,89007.5
30309,177828,1,177828
50022,177746,1,177746
34275,177676,1,177676
57445,177286,2,88643
39183,177090,1,177090
71018,176823,2,88411.5
16066,175799,2,87899.5
99577,175759,1,175759
8093,175716,2,87858
78252,175522,1,175522
54143,175306,2,87653
71328,175225,1,175225
79070,175091,1,175091
74401,174864,2,87432
10019,174671,1,174671
31404,174526,3,58175.3333333333
75067,174210,2,87105
52040,174051,1,174051
49660,174020,3,58006.6666666667
80611,173909,3,57969.6666666667
64862,173514,1,173514
30165,173480,1,173480
22151,173456,3,57818.6666666667
80550,172979,3,57659.6666666667
95747,172078,2,86039
45219,172058,1,172058
3304,171786,1,171786
79735,171699,6,28616.5
35044,171612,1,171612
74701,171550,2,85775
61434,171305,1,171305
78537,171136,2,85568
45232,171134,2,85567
30565,170710,1,170710
25271,169967,1,169967
11794,169743,1,169743
41085,169674,1,169674
35207,169390,1,169390
27599,169133,1,169133
28115,168974,3,56324.6666666667
69361,168918,1,168918
33955,168825,1,168825
67554,168794,2,84397
86436,168752,3,56250.6666666667
13165,168744,1,168744
66021,168207,1,168207
19601,168155,1,168155
2090,168025,2,84012.5
91702,167795,1,167795
88260,167519,3,55839.6666666667
99344,167169,2,83584.5
71342,167101,2,83550.5
83204,166727,3,55575.6666666667
47390,166670,1,166670
26101,166215,1,166215
70664,166187,1,166187
55405,166043,1,166043
37331,166027,2,83013.5
13204,165885,1,165885
56258,165659,1,165659
84404,165613,2,82806.5
47274,165459,1,165459
15845,165410,1,165410
56176,165396,2,82698
37191,165175,1,165175
32829,165146,1,165146
28382,165070,1,165070
36323,165042,1,165042
16830,164959,1,164959
68354,164763,1,164763
12901,164190,1,164190
32083,164066,1,164066
10475,163840,1,163840
50107,163739,1,163739
48124,162991,2,81495.5
70657,162980,3,54326.6666666667
56007,162801,2,81400.5
84626,162672,2,81336
93252,162650,4,40662.5
24553,162501,1,162501
53715,162462,1,162462
58102,162430,2,81215
92008,162274,1,162274
29702,162131,3,54043.6666666667
37309,162128,1,162128
77954,161835,1,161835
92093,161283,1,161283
57101,161253,1,161253
77840,160941,1,160941
84026,160928,1,160928
76207,160773,1,160773
37185,160715,2,80357.5
17502,160651,1,160651
82423,160425,1,160425
70373,160416,1,160416
92675,159995,2,79997.5
79783,159899,2,79949.5
16740,159748,1,159748
19137,159665,1,159665
51431,159570,1,159570
96732,159452,1,159452
29654,159378,1,159378
89150,158819,3,52939.6666666667
48074,158701,1,158701
83318,158311,3,52770.3333333333
25635,158163,1,158163
24143,157692,1,157692
63755,157541,1,157541
64106,156990,1,156990
11704,156782,3,52260.6666666667
43430,156482,1,156482
68850,156413,4,39103.25
82701,156346,1,156346
71065,156180,1,156180
79072,156130,2,78065
29512,156049,2,78024.5
30223,155632,1,155632
60601,155489,1,155489
13021,155287,3,51762.3333333333
75765,155281,2,77640.5
71203,155207,1,155207
26437,155192,2,77596
30286,155189,2,77594.5
84007,155105,1,155105
73101,155078,1,155078
35020,154837,1,154837
77092,154372,2,77186
84066,153697,4,38424.25
79556,153616,2,76808
66115,153306,3,51102
56649,153117,1,153117
49107,153061,1,153061
79601,152955,2,76477.5
74102,152795,1,152795
21130,152743,1,152743
38253,152667,1,152667
73932,152636,3,50878.6666666667
71418,152432,2,76216
80612,152316,2,76158
44510,152234,1,152234
72064,151944,1,151944
44074,151855,1,151855
67846,151512,3,50504
76307,151476,1,151476
2715,151449,1,151449
60466,151417,2,75708.5
50472,151261,1,151261
39153,151233,1,151233
39439,150953,3,50317.6666666667
78840,150810,1,150810
28150,150745,2,75372.5
47922,150743,1,150743
37779,150549,1,150549
15062,150425,1,150425
78258,150322,3,50107.3333333333
24531,150128,1,150128
36786,150094,1,150094
19320,150076,1,150076
68826,149930,1,149930
23883,149859,2,74929.5
48642,149628,1,149628
50313,149627,2,74813.5
46204,149323,1,149323
46041,149257,3,49752.3333333333
37642,149158,2,74579
78369,148697,2,74348.5
95351,148316,1,148316
14853,148240,1,148240
39073,148197,1,148197
35203,148168,1,148168
52242,148016,1,148016
79789,147883,2,73941.5
75835,147844,1,147844
70037,147781,2,73890.5
60827,147556,1,147556
76273,146970,1,146970
99752,146932,1,146932
38756,146861,1,146861
50011,146726,1,146726
23803,146618,2,73309
36104,146547,1,146547
22602,146377,2,73188.5
75060,146358,1,146358
28562,146288,2,73144
48359,146095,2,73047.5
62060,146050,1,146050
94019,145687,1,145687
98607,145606,3,48535.3333333333
44622,145435,3,48478.3333333333
71854,144884,3,48294.6666666667
1906,144608,1,144608
48117,144571,1,144571
67951,144379,3,48126.3333333333
70066,144218,1,144218
36260,144176,2,72088
77976,144164,1,144164
36522,144136,2,72068
44903,144128,2,72064
54481,144116,3,48038.6666666667
53547,144020,2,72010
28301,143997,2,71998.5
16201,143887,4,35971.75
95987,143703,1,143703
26148,143526,1,143526
79764,143488,1,143488
25035,143441,1,143441
28152,143437,1,143437
38614,143417,2,71708.5
28202,143337,1,143337
53080,143251,1,143251
71443,143248,1,143248
38702,143152,1,143152
75844,143090,1,143090
62286,143026,1,143026
47371,142903,2,71451.5
43113,142868,3,47622.6666666667
22624,142590,1,142590
31405,142461,1,142461
55614,142324,1,142324
5452,142165,1,142165
25801,141992,1,141992
29335,141816,1,141816
74945,141610,1,141610
17601,141495,2,70747.5
38301,141351,4,35337.75
28012,141043,1,141043
52401,140893,3,46964.3333333333
81641,140773,1,140773
63334,140090,2,70045
71602,140051,3,46683.6666666667
91911,139796,1,139796
70438,139749,3,46583
85365,139655,1,139655
72916,139345,2,69672.5
72529,139277,1,139277
8270,139251,1,139251
6776,139055,1,139055
46952,138983,1,138983
71425,138884,1,138884
76140,138795,1,138795
61764,138716,1,138716
31323,138688,2,69344
39701,138625,1,138625
93401,138609,2,69304.5
83801,138500,1,138500
46001,138337,1,138337
39157,138330,3,46110
71852,138073,2,69036.5
59218,137957,1,137957
54115,137886,2,68943
87124,137284,2,68642
17764,137148,1,137148
12550,136502,2,68251
35772,136438,1,136438
68517,136424,2,68212
62201,136343,2,68171.5
63628,136129,1,136129
54646,136084,1,136084
77963,136023,1,136023
6108,135976,2,67988
64040,135920,1,135920
65211,135844,1,135844
43764,135840,1,135840
37074,135758,2,67879
83686,135519,1,135519
17201,135276,1,135276
43212,134702,1,134702
27253,134682,1,134682
68048,134595,1,134595
60120,134561,1,134561
31027,134547,2,67273.5
93274,134426,3,44808.6666666667
75455,134327,2,67163.5
77662,134234,2,67117
57401,134093,3,44697.6666666667
34773,134040,1,134040
99359,133778,1,133778
77583,133612,1,133612
43506,133403,1,133403
28625,133233,1,133233
31711,133219,2,66609.5
70080,133206,1,133206
73025,132887,1,132887
61021,132451,2,66225.5
30518,131873,1,131873
39474,131853,1,131853
42141,131732,1,131732
77456,131629,2,65814.5
50042,131628,1,131628
40324,131446,2,65723
79124,131300,2,65650
44125,130935,1,130935
98901,130876,1,130876
89115,130575,1,130575
40475,130561,2,65280.5
75551,130549,2,65274.5
38833,130484,1,130484
73942,130395,1,130395
70589,130369,2,65184.5
31040,130251,1,130251
79915,130236,2,65118
92883,129906,1,129906
14221,129769,1,129769
31907,129761,2,64880.5
61020,129482,1,129482
92223,129420,1,129420
95313,129213,2,64606.5
45764,129003,1,129003
3839,128922,1,128922
48759,128767,1,128767
63461,128735,1,128735
55379,128711,2,64355.5
88231,128645,2,64322.5
75766,128467,1,128467
76367,128420,1,128420
74132,128333,1,128333
29560,128241,1,128241
48837,128214,1,128214
70433,128145,6,21357.5
63382,127954,1,127954
35805,127953,1,127953
28384,127840,1,127840
12533,127631,1,127631
76841,127570,1,127570
53110,127480,1,127480
85245,127427,1,127427
73505,127350,2,63675
63352,127254,2,63627
60064,126928,3,42309.3333333333
33605,126881,1,126881
34208,126879,1,126879
38116,126877,1,126877
64078,126759,1,126759
11731,126565,1,126565
10022,126501,3,42167
41143,126081,1,126081
61641,126064,1,126064
37809,125932,1,125932
78624,125914,1,125914
82007,125815,1,125815
35579,125757,1,125757
46613,125746,1,125746
71457,125704,3,41901.3333333333
14891,125627,2,62813.5
17814,125620,1,125620
16923,125486,2,62743
33578,125396,1,125396
36303,125370,1,125370
18656,125258,1,125258
37921,124968,1,124968
49041,124921,1,124921
99216,124834,1,124834
17113,124747,1,124747
22304,124675,1,124675
45895,124612,1,124612
35470,124551,1,124551
47904,124457,1,124457
53901,124207,1,124207
50672,124046,1,124046
38965,123979,1,123979
40312,123716,1,123716
78521,123646,1,123646
63825,123526,2,61763
78211,123257,1,123257
33930,123247,1,123247
93630,123236,1,123236
99686,123139,3,41046.3333333333
77656,123131,2,61565.5
76044,123009,1,123009
46962,123005,1,123005
26164,122967,1,122967
29414,122935,1,122935
60607,122905,1,122905
47960,122704,1,122704
46556,122566,1,122566
16701,122544,1,122544
40701,122327,1,122327
79066,122112,1,122112
88263,122090,2,61045
16749,122053,2,61026.5
62901,121829,1,121829
14627,121810,1,121810
10509,121779,1,121779
71251,121745,1,121745
47201,121713,3,40571
15014,121704,1,121704
21841,121695,1,121695
55425,121665,2,60832.5
72703,121622,2,60811
94720,121534,1,121534
75859,121412,2,60706
51442,121399,2,60699.5
2907,121361,1,121361
37778,121282,1,121282
17517,121007,1,121007
40422,120841,1,120841
98390,120774,2,60387
29651,120695,2,60347.5
25526,120637,2,60318.5
76208,120372,1,120372
75861,120348,3,40116
28429,120283,1,120283
80021,120273,1,120273
61104,120097,3,40032.3333333333
60914,120039,1,120039
36863,119992,2,59996
68147,119769,1,119769
21911,119725,1,119725
34480,119721,1,119721
64034,119197,1,119197
98338,119145,1,119145
75653,119009,1,119009
92111,118859,2,59429.5
99224,118746,2,59373
40360,118716,1,118716
16802,118614,1,118614
45201,118583,2,59291.5
49315,118492,1,118492
39702,118297,2,59148.5
68301,118294,1,118294
54501,118121,1,118121
53182,118092,1,118092
37203,117988,1,117988
95692,117829,1,117829
76949,117776,1,117776
79372,117720,2,58860
56678,117618,2,58809
30230,117524,1,117524
8332,117452,3,39150.6666666667
78151,117447,1,117447
8816,117429,2,58714.5
78045,117330,1,117330
36276,117241,1,117241
49876,117241,1,117241
31210,117071,2,58535.5
70342,117054,1,117054
60481,117005,1,117005
47336,116955,1,116955
6096,116875,2,58437.5
68883,116859,1,116859
96727,116846,1,116846
25015,116757,2,58378.5
43938,116721,1,116721
28785,116671,1,116671
40108,116646,2,58323
99775,116616,1,116616
49503,116554,2,58277
38461,116534,1,116534
92113,116484,1,116484
19543,116328,1,116328
37080,116264,1,116264
14094,116085,2,58042.5
66002,116069,1,116069
77957,116052,1,116052
38753,115242,1,115242
14561,115132,1,115132
60637,115066,1,115066
54751,114973,1,114973
80610,114934,2,57467
77625,114880,2,57440
10454,114602,2,57301
28586,114519,1,114519
20407,114503,1,114503
46510,114338,2,57169
21162,113993,1,113993
82431,113968,3,37989.3333333333
66618,113928,2,56964
31757,113626,1,113626
54952,113586,2,56793
55901,113542,2,56771
49404,113481,2,56740.5
99170,113467,1,113467
42066,113432,1,113432
70792,113357,1,113357
26062,113330,1,113330
54495,113301,2,56650.5
56209,113085,1,113085
21660,112909,1,112909
62305,112816,1,112816
75422,112809,1,112809
27695,112758,1,112758
93610,112740,2,56370
55912,112516,2,56258
23219,112427,1,112427
45832,112266,1,112266
53094,112001,2,56000.5
76950,111902,3,37300.6666666667
50130,111870,1,111870
76009,111815,1,111815
50451,111809,1,111809
751,111659,1,111659
78118,111613,3,37204.3333333333
31029,111373,1,111373
49078,111352,1,111352
53566,111351,1,111351
96766,111261,1,111261
31216,110966,1,110966
95334,110871,2,55435.5
73057,110808,1,110808
97478,110745,1,110745
38305,110458,2,55229
29729,110355,1,110355
75639,110341,1,110341
23890,110284,1,110284
77449,110208,1,110208
23511,110167,1,110167
89158,110103,1,110103
27559,110044,2,55022
50841,110033,1,110033
15090,110032,3,36677.3333333333
17104,109851,1,109851
25311,109725,2,54862.5
60115,109707,1,109707
32830,109364,1,109364
64633,109314,1,109314
50536,109284,2,54642
80516,109283,3,36427.6666666667
64863,109201,1,109201
66083,109188,1,109188
95336,109068,1,109068
49968,108582,2,54291
47708,108576,2,54288
73090,108460,1,108460
85643,108407,3,36135.6666666667
68102,108123,2,54061.5
43907,108083,3,36027.6666666667
25209,108050,1,108050
95134,108047,2,54023.5
50543,107851,1,107851
42455,107752,1,107752
57301,107748,1,107748
78162,107672,1,107672
80223,107556,1,107556
42539,107551,1,107551
94952,107494,1,107494
26228,107490,1,107490
78257,107249,1,107249
44675,107189,1,107189
98596,107118,1,107118
43040,106936,1,106936
65440,106812,1,106812
27261,106753,1,106753
58581,106706,1,106706
67215,106678,1,106678
46383,106650,1,106650
49958,106545,1,106545
57481,106505,1,106505
38344,106488,1,106488
58631,106376,1,106376
39759,106329,1,106329
23836,106315,3,35438.3333333333
95358,106078,1,106078
57350,106043,2,53021.5
97033,105946,1,105946
74578,105847,1,105847
70514,105732,1,105732
18071,105609,1,105609
94585,105517,1,105517
67880,105506,1,105506
30833,105291,4,26322.75
92071,105269,1,105269
75056,105232,1,105232
29812,105187,1,105187
37303,105129,2,52564.5
44004,105055,1,105055
70380,105051,2,52525.5
44840,104801,1,104801
52738,104637,2,52318.5
99352,104611,2,52305.5
61270,104452,1,104452
23091,104311,1,104311
1220,104307,1,104307
57225,104213,1,104213
24401,104083,1,104083
10312,104026,1,104026
6365,103873,1,103873
1003,103468,1,103468
80701,103321,3,34440.3333333333
45701,103297,2,51648.5
57075,103284,1,103284
22567,103186,1,103186
90041,103175,1,103175
32206,103129,1,103129
68818,103041,1,103041
74447,102710,2,51355
94945,102635,1,102635
32351,102542,1,102542
89009,102522,1,102522
81503,102513,1,102513
30507,102467,1,102467
50444,102352,1,102352
28312,102179,2,51089.5
48188,102010,1,102010
19101,101868,1,101868
50801,101785,2,50892.5
76951,101766,2,50883
57564,101614,1,101614
70533,101606,2,50803
38108,101463,1,101463
38701,101452,2,50726
58642,101287,1,101287
57234,101253,1,101253
50201,101232,1,101232
51601,101170,1,101170
60617,101160,1,101160
67210,100999,1,100999
31569,100993,1,100993
984,100904,1,100904
14456,100892,1,100892
77807,100845,1,100845
34460,100767,1,100767
72105,100423,1,100423
56132,100321,1,100321
78044,100224,1,100224
24084,100044,2,50022
4239,100024,2,50012
90027,99985,1,99985
68769,99897,1,99897
16947,99896,2,49948
72403,99876,2,49938
95020,99820,3,33273.3333333333
57034,99741,1,99741
43701,99641,2,49820.5
43950,99604,1,99604
68007,99571,1,99571
58788,99483,1,99483
65804,99439,1,99439
84733,99404,1,99404
1887,99350,2,49675
14903,99284,1,99284
78526,99177,1,99177
50309,99162,5,19832.4
68507,99125,1,99125
49355,99086,1,99086
43566,98998,3,32999.3333333333
93933,98967,1,98967
907,98939,1,98939
27577,98907,1,98907
39168,98873,2,49436.5
10965,98846,1,98846
18602,98828,1,98828
86004,98814,1,98814
46105,98705,1,98705
58566,98676,1,98676
93631,98649,1,98649
30161,98379,1,98379
52742,98146,1,98146
75692,98112,2,49056
48079,98012,1,98012
11691,97997,2,48998.5
42420,97777,2,48888.5
93725,97760,2,48880
15725,97758,1,97758
85303,97741,1,97741
23704,97740,1,97740
1757,97707,1,97707
21042,97685,1,97685
60557,97629,1,97629
24153,97626,1,97626
74066,97580,1,97580
39840,97466,1,97466
48209,97453,2,48726.5
76230,97393,1,97393
20742,97315,1,97315
31068,97188,1,97188
77845,97187,1,97187
53201,97155,2,48577.5
24017,97145,1,97145
72143,97134,2,48567
25064,96979,1,96979
61523,96957,1,96957
28658,96949,1,96949
46320,96799,2,48399.5
2053,96770,1,96770
72863,96755,1,96755
24522,96725,1,96725
17547,96714,2,48357
67058,96611,1,96611
6477,96602,2,48301
70577,96528,2,48264
55121,96522,1,96522
97701,96482,1,96482
42166,96393,2,48196.5
53563,96346,1,96346
97128,96312,2,48156
87544,96234,1,96234
16121,96059,1,96059
37130,95992,1,95992
85387,95960,1,95960
80828,95919,1,95919
2852,95864,1,95864
72032,95578,1,95578
35212,95473,1,95473
6269,95456,1,95456
70661,95444,1,95444
44846,95418,1,95418
74437,95412,1,95412
72015,95168,2,47584
38652,94860,1,94860
72450,94592,1,94592
51232,94566,1,94566
97203,94563,2,47281.5
24740,94504,2,47252
72455,94438,2,47219
47581,94220,2,47110
77029,94004,2,47002
36560,93963,2,46981.5
44436,93907,1,93907
40461,93906,1,93906
71067,93891,1,93891
79015,93780,1,93780
34614,93764,1,93764
85937,93715,1,93715
62447,93623,1,93623
8360,93503,3,31167.6666666667
70578,93440,1,93440
26812,93243,1,93243
59701,93063,4,23265.75
43988,93062,1,93062
39330,92963,1,92963
48326,92955,2,46477.5
27805,92680,1,92680
84043,92641,1,92641
19536,92500,1,92500
73532,92223,1,92223
6353,92177,1,92177
71047,92066,1,92066
27710,91986,1,91986
14450,91853,1,91853
46781,91670,1,91670
37737,91615,1,91615
28540,91547,1,91547
43976,91476,1,91476
86515,91296,1,91296
21224,90863,1,90863
39339,90861,2,45430.5
58030,90855,1,90855
38320,90832,1,90832
21921,90754,1,90754
68876,90515,1,90515
62832,90416,1,90416
58492,90406,1,90406
36904,90404,2,45202
29461,90351,2,45175.5
4106,90059,2,45029.5
49001,89979,1,89979
48422,89976,1,89976
70113,89968,1,89968
38485,89908,1,89908
71060,89758,1,89758
32693,89745,1,89745
13057,89737,1,89737
29045,89696,1,89696
73128,89432,1,89432
61048,89423,1,89423
37040,89401,2,44700.5
40601,89229,2,44614.5
47394,89036,1,89036
35210,89002,1,89002
48111,88979,2,44489.5
53923,88974,1,88974
51201,88882,2,44441
34973,88801,1,88801
92123,88756,2,44378
37148,88581,1,88581
96013,88507,2,44253.5
6340,88454,1,88454
83714,88400,1,88400
38834,88279,1,88279
17938,88258,2,44129
73762,88164,1,88164
46122,88133,1,88133
79096,88068,4,22017
16101,87996,2,43998
15001,87870,1,87870
96784,87830,2,43915
49735,87829,5,17565.8
14870,87804,1,87804
87144,87788,1,87788
66217,87762,1,87762
56537,87708,2,43854
62401,87640,1,87640
47405,87563,1,87563
51250,87511,1,87511
30281,87391,1,87391
84056,87389,1,87389
73114,87365,2,43682.5
54725,87265,1,87265
57033,87241,1,87241
74883,87240,2,43620
55404,87180,1,87180
50542,87144,1,87144
53935,86983,1,86983
77069,86981,2,43490.5
4468,86917,2,43458.5
46809,86721,2,43360.5
29307,86691,1,86691
68467,86449,1,86449
45042,86429,2,43214.5
44077,86342,3,28780.6666666667
68632,86332,1,86332
78634,86288,1,86288
58652,86232,1,86232
58773,86226,1,86226
14416,86224,1,86224
72401,86223,3,28741
61727,86216,1,86216
30121,86209,1,86209
55310,86136,1,86136
1655,86069,1,86069
11547,86061,1,86061
35150,86054,3,28684.6666666667
86046,86047,1,86047
23083,85977,1,85977
37013,85915,1,85915
68629,85908,1,85908
93926,85788,1,85788
59440,85786,1,85786
86047,85786,2,42893
63071,85749,1,85749
10941,85644,1,85644
13303,85640,1,85640
25705,85535,1,85535
13783,85526,1,85526
28120,85512,1,85512
8854,85415,1,85415
70803,85355,1,85355
73141,85317,1,85317
7032,85244,1,85244
61081,85048,1,85048
93291,85042,2,42521
6010,85036,1,85036
27893,85034,2,42517
68333,84859,1,84859
28071,84771,1,84771
14701,84749,1,84749
28547,84380,1,84380
95376,84375,1,84375
7033,84347,1,84347
92555,84301,1,84301
85532,84248,1,84248
68862,84243,1,84243
88101,84186,2,42093
48040,83939,1,83939
58838,83830,2,41915
78520,83712,1,83712
76623,83604,1,83604
37310,83546,2,41773
85224,83508,1,83508
71360,83412,2,41706
85009,83339,1,83339
71254,83268,1,83268
45217,83142,1,83142
84265,83129,1,83129
19966,83090,1,83090
52057,82855,1,82855
14103,82822,1,82822
38141,82816,1,82816
79058,82706,1,82706
44818,82614,1,82614
11239,82611,1,82611
73149,82557,1,82557
17404,82526,1,82526
25303,82515,1,82515
45433,82511,1,82511
38127,82475,2,41237.5
75090,82455,1,82455
98106,82396,1,82396
49068,82395,1,82395
22551,82357,1,82357
73662,82330,2,41165
75165,82321,2,41160.5
28461,82308,1,82308
82801,82248,1,82248
52501,82224,2,41112
51551,82200,1,82200
17846,82084,1,82084
80903,82062,1,82062
27502,81951,1,81951
39232,81932,1,81932
30153,81881,1,81881
56055,81703,1,81703
67402,81644,1,81644
30013,81629,1,81629
56152,81610,1,81610
55077,81566,1,81566
65339,81534,1,81534
47978,81356,2,40678
37402,81236,1,81236
62049,81125,1,81125
98195,80936,1,80936
71235,80892,3,26964
6040,80880,1,80880
79409,80821,2,40410.5
8401,80812,2,40406
52802,80770,2,40385
39462,80704,1,80704
75416,80694,1,80694
52302,80661,1,80661
54768,80642,1,80642
48849,80618,1,80618
58847,80602,1,80602
42464,80498,1,80498
39165,80381,1,80381
84013,80347,1,80347
44308,80315,1,80315
42718,80306,2,40153
54911,80245,2,40122.5
37209,80179,1,80179
75654,80178,1,80178
77339,80177,1,80177
56241,80143,1,80143
74728,79976,2,39988
93622,79932,3,26644
61467,79811,1,79811
60419,79744,1,79744
50058,79543,1,79543
62466,79474,1,79474
39069,79466,1,79466
43545,79401,1,79401
84001,79355,1,79355
32401,79254,2,39627
48091,79226,3,26408.6666666667
56137,79210,1,79210
85721,79182,1,79182
70537,79181,1,79181
37996,79077,1,79077
30720,79056,3,26352
740,79029,1,79029
35234,78878,1,78878
77371,78766,1,78766
40241,78715,1,78715
71037,78702,2,39351
71325,78608,1,78608
40004,78581,1,78581
38954,78579,1,78579
98004,78347,2,39173.5
48312,78186,2,39093
45710,78184,1,78184
84602,78141,1,78141
46222,78079,2,39039.5
37055,77973,2,38986.5
55144,77909,1,77909
63070,77743,1,77743
48042,77709,1,77709
35136,77693,1,77693
55965,77681,1,77681
16501,77636,1,77636
27537,77625,1,77625
49646,77556,2,38778
92377,77547,1,77547
78721,77528,1,77528
78022,77357,1,77357
30204,77339,1,77339
95758,77318,1,77318
26260,77277,1,77277
38452,77191,1,77191
16314,77135,1,77135
30041,77128,1,77128
74003,77117,1,77117
13069,77091,2,38545.5
35057,77008,1,77008
29831,76926,1,76926
33534,76810,1,76810
48215,76754,1,76754
73100,76696,3,25565.3333333333
88264,76659,1,76659
62238,76639,1,76639
42320,76612,2,38306
48906,76535,1,76535
55750,76457,1,76457
15823,76401,1,76401
84113,76305,1,76305
25253,76235,1,76235
81637,76181,2,38090.5
53105,76121,1,76121
87323,75972,2,37986
75631,75958,1,75958
47906,75932,1,75932
70648,75911,1,75911
29210,75900,1,75900
10705,75865,1,75865
51363,75855,1,75855
79014,75799,2,37899.5
77335,75796,2,37898
35570,75719,1,75719
11717,75709,2,37854.5
38261,75692,2,37846
35618,75631,1,75631
6351,75615,1,75615
14550,75594,2,37797
75173,75575,1,75575
33602,75525,1,75525
53051,75486,1,75486
15260,75463,1,75463
49036,75440,2,37720
43915,75386,1,75386
22903,75338,1,75338
44117,75276,2,37638
39040,75243,1,75243
22554,75197,1,75197
43130,75179,1,75179
44270,75130,1,75130
80033,75103,1,75103
64119,75074,1,75074
29492,75045,1,75045
47909,75021,1,75021
33055,74838,1,74838
78741,74831,1,74831
28310,74796,1,74796
21740,74764,1,74764
38311,74731,1,74731
79022,74669,2,37334.5
82435,74650,1,74650
40202,74640,3,24880
60208,74623,1,74623
61264,74606,2,37303
39074,74599,1,74599
52637,74570,1,74570
95776,74538,2,37269
58784,74289,2,37144.5
78735,74265,1,74265
74936,74197,1,74197
25921,73781,1,73781
56215,73724,1,73724
27360,73681,1,73681
63552,73631,2,36815.5
71753,73523,1,73523
48229,73499,1,73499
49858,73429,2,36714.5
53207,73395,1,73395
68959,73391,1,73391
64503,73283,1,73283
16137,73259,2,36629.5
73402,73025,1,73025
15601,72842,1,72842
97204,72801,3,24267
84644,72740,1,72740
44106,72723,1,72723
43942,72701,2,36350.5
56098,72515,1,72515
3574,72501,1,72501
77095,72434,2,36217
75050,72348,1,72348
3904,72231,1,72231
84606,72223,1,72223
15077,72152,1,72152
29116,72089,1,72089
63118,72071,1,72071
55330,72061,2,36030.5
8110,71991,1,71991
46501,71908,1,71908
95324,71906,1,71906
93234,71866,1,71866
84023,71833,1,71833
44704,71750,1,71750
78235,71715,1,71715
21287,71689,1,71689
72011,71626,1,71626
93637,71574,1,71574
49855,71528,1,71528
26337,71510,2,35755
32096,71449,1,71449
76544,71449,1,71449
83606,71412,1,71412
98433,71411,1,71411
75964,71271,1,71271
47374,71199,2,35599.5
39470,71118,1,71118
11427,71108,1,71108
78724,71101,1,71101
43697,71038,1,71038
15451,71022,1,71022
17929,71010,1,71010
30106,71006,1,71006
23323,70924,1,70924
47471,70894,2,35447
25301,70871,1,70871
51020,70827,1,70827
58763,70628,1,70628
22835,70617,1,70617
53132,70577,2,35288.5
50533,70515,1,70515
28701,70464,1,70464
44683,70388,1,70388
73639,70208,1,70208
25312,70187,2,35093.5
39452,70173,2,35086.5
3303,70061,1,70061
84118,69977,1,69977
85301,69853,1,69853
47421,69830,2,34915
44688,69823,1,69823
27306,69761,1,69761
97305,69591,1,69591
49008,69527,1,69527
46733,69493,1,69493
97702,69467,1,69467
48413,69383,1,69383
93206,69370,2,34685
71220,69362,1,69362
31419,69325,1,69325
70647,69218,1,69218
79035,69212,1,69212
61364,69201,2,34600.5
2111,69195,1,69195
63385,69169,1,69169
73853,69128,1,69128
20903,69073,1,69073
55926,68984,1,68984
46902,68953,2,34476.5
75501,68947,1,68947
39577,68911,1,68911
17009,68870,1,68870
84040,68761,1,68761
40740,68747,1,68747
17021,68711,1,68711
98101,68651,1,68651
77713,68634,1,68634
30016,68607,1,68607
24505,68595,1,68595
64437,68591,1,68591
72301,68538,1,68538
39046,68520,2,34260
43732,68512,1,68512
78832,68506,1,68506
68713,68479,1,68479
61235,68253,1,68253
57469,68250,1,68250
49862,68233,1,68233
39092,68224,1,68224
84526,68158,1,68158
97623,68114,1,68114
95361,68072,1,68072
10980,68065,1,68065
75098,68044,1,68044
99669,68031,2,34015.5
28392,67984,1,67984
85212,67984,1,67984
6416,67980,1,67980
55402,67973,1,67973
47842,67886,1,67886
40506,67867,1,67867
47172,67822,1,67822
32347,67769,1,67769
33538,67748,1,67748
30683,67720,1,67720
46051,67649,1,67649
55905,67645,1,67645
12210,67620,1,67620
11434,67616,1,67616
85653,67606,1,67606
27295,67571,1,67571
55744,67557,1,67557
93551,67443,1,67443
63101,67371,1,67371
63102,67251,1,67251
32426,67224,1,67224
74119,67218,2,33609
76040,67126,1,67126
37138,67064,1,67064
15938,66894,1,66894
44681,66879,1,66879
6382,66867,2,33433.5
37352,66808,1,66808
49709,66780,1,66780
36804,66730,1,66730
71044,66701,1,66701
97470,66693,1,66693
11232,66674,3,22224.6666666667
47260,66600,1,66600
31094,66586,1,66586
78019,66489,1,66489
8543,66282,1,66282
40211,66234,2,33117
16136,66233,1,66233
29634,66216,1,66216
98204,66124,1,66124
24630,66084,1,66084
63110,66080,2,33040
41144,66053,1,66053
24061,66032,1,66032
92227,66013,1,66013
79855,65927,1,65927
66751,65882,1,65882
46231,65755,1,65755
97731,65717,1,65717
17254,65654,1,65654
79403,65654,1,65654
73425,65652,1,65652
68504,65597,1,65597
38107,65553,1,65553
14150,65527,2,32763.5
84770,65482,1,65482
39422,65477,1,65477
15204,65476,1,65476
66612,65439,1,65439
86035,65390,1,65390
79415,65366,1,65366
18042,65361,1,65361
67124,65352,1,65352
62451,65217,1,65217
27317,65194,1,65194
29010,65177,1,65177
18403,65144,1,65144
40337,65096,1,65096
58040,65008,1,65008
95687,64991,1,64991
80112,64938,2,32469
42240,64909,1,64909
30629,64843,1,64843
44646,64836,1,64836
32254,64807,2,32403.5
46242,64807,1,64807
28669,64793,1,64793
80758,64773,2,32386.5
55075,64752,1,64752
75202,64637,1,64637
21550,64601,2,32300.5
50212,64527,1,64527
7461,64515,1,64515
77327,64501,1,64501
60030,64482,1,64482
73487,64448,1,64448
47597,64437,1,64437
99801,64430,3,21476.6666666667
53044,64409,1,64409
79528,64353,1,64353
69153,64328,1,64328
34762,64323,1,64323
12839,64213,1,64213
75706,64144,1,64144
95120,64118,1,64118
78415,64003,1,64003
45365,63971,1,63971
92697,63897,1,63897
73145,63883,1,63883
28135,63836,1,63836
58572,63811,1,63811
24151,63731,1,63731
75206,63659,1,63659
23231,63625,1,63625
38683,63537,1,63537
93268,63534,2,31767
77555,63507,1,63507
59102,63499,1,63499
86015,63422,1,63422
31794,63294,1,63294
74075,63165,2,31582.5
93204,63162,2,31581
75390,63140,1,63140
93454,63108,2,31554
83221,63061,1,63061
83211,63053,1,63053
93249,63037,1,63037
32622,62949,1,62949
68523,62935,1,62935
32780,62927,1,62927
5855,62902,1,62902
71463,62843,2,31421.5
4102,62778,1,62778
68731,62756,1,62756
97503,62696,1,62696
55114,62676,1,62676
31020,62647,1,62647
60938,62585,1,62585
31560,62555,1,62555
98368,62519,1,62519
77493,62483,1,62483
97068,62477,1,62477
96035,62464,1,62464
39066,62463,1,62463
46774,62453,2,31226.5
10012,62400,1,62400
85024,62395,1,62395
13602,62372,2,31186
85132,62295,1,62295
48601,62244,2,31122
57015,62194,1,62194
70748,62174,1,62174
90601,62140,1,62140
32071,62119,1,62119
37167,62103,1,62103
70652,62052,1,62052
31716,62030,2,31015
21144,62029,1,62029
99723,62013,1,62013
27703,61966,1,61966
37363,61927,1,61927
39272,61891,1,61891
24225,61857,1,61857
79526,61827,2,30913.5
42302,61798,1,61798
777,61780,1,61780
79978,61725,1,61725
14107,61721,1,61721
617,61699,1,61699
23168,61679,1,61679
16743,61642,1,61642
44875,61587,1,61587
79781,61563,1,61563
50169,61540,1,61540
56636,61512,1,61512
45215,61428,1,61428
2859,61368,1,61368
92121,61357,3,20452.3333333333
31088,61344,1,61344
15650,61339,1,61339
39668,61274,1,61274
20899,61268,1,61268
24847,61264,1,61264
28002,61211,1,61211
62864,61002,1,61002
24801,60931,1,60931
57071,60920,2,30460
20003,60868,1,60868
28110,60858,1,60858
77870,60814,1,60814
29072,60806,1,60806
73852,60798,1,60798
23831,60673,1,60673
51102,60583,1,60583
47521,60557,1,60557
71275,60544,2,30272
83707,60486,1,60486
85658,60483,1,60483
77515,60443,1,60443
12188,60438,1,60438
99403,60393,1,60393
39326,60369,1,60369
61283,60344,1,60344
10027,60291,1,60291
32311,60282,1,60282
95037,60148,1,60148
92347,60133,2,30066.5
45036,60130,2,30065
81655,60120,1,60120
98625,60120,1,60120
10511,60011,1,60011
8022,60010,1,60010
70663,60006,1,60006
77510,59912,1,59912
33170,59885,1,59885
49895,59877,1,59877
2563,59861,1,59861
4416,59861,2,29930.5
77554,59783,1,59783
53959,59648,1,59648
48626,59646,2,29823
39464,59560,1,59560
75708,59556,1,59556
27572,59539,1,59539
95817,59487,2,29743.5
99164,59448,1,59448
75652,59420,1,59420
76801,59342,3,19780.6666666667
43410,59332,1,59332
71050,59317,1,59317
77058,59307,1,59307
58203,59298,1,59298
23666,59287,2,29643.5
90280,59284,2,29642
94103,59257,1,59257
43779,59249,1,59249
79721,59239,1,59239
50614,59125,1,59125
55906,59081,1,59081
10998,59062,1,59062
37816,58988,1,58988
15108,58952,1,58952
84321,58861,1,58861
44273,58850,1,58850
24506,58814,1,58814
79752,58802,2,29401
76849,58750,1,58750
49953,58721,1,58721
92366,58720,1,58720
48457,58699,1,58699
27834,58622,2,29311
26301,58597,1,58597
76055,58528,1,58528
77351,58525,1,58525
48449,58453,1,58453
71465,58398,2,29199
84052,58397,1,58397
31650,58365,1,58365
92806,58327,1,58327
735,58261,1,58261
31314,58201,1,58201
66213,58158,1,58158
54703,58100,2,29050
32331,58081,1,58081
26505,58075,1,58075
73760,58035,1,58035
83402,57983,1,57983
78232,57938,1,57938
78661,57905,1,57905
76308,57832,1,57832
34787,57800,1,57800
65757,57800,1,57800
28034,57758,1,57758
32208,57683,2,28841.5
14125,57632,2,28816
68361,57632,1,57632
30529,57619,1,57619
70392,57572,2,28786
62890,57558,1,57558
78013,57550,1,57550
19947,57496,2,28748
79013,57410,1,57410
79512,57409,1,57409
35077,57391,1,57391
80913,57373,1,57373
74570,57354,1,57354
23149,57194,1,57194
44443,57131,1,57131
48356,57043,1,57043
53211,56929,2,28464.5
71301,56862,1,56862
8001,56844,1,56844
71051,56813,1,56813
15019,56812,2,28406
97348,56768,1,56768
34211,56650,1,56650
87109,56537,1,56537
48441,56533,1,56533
39520,56461,1,56461
80632,56423,1,56423
92364,56418,1,56418
29550,56411,2,28205.5
75040,56400,1,56400
8302,56351,2,28175.5
43311,56342,1,56342
98837,56337,3,18779
77382,56333,1,56333
39730,56278,1,56278
28056,56272,1,56272
89801,56262,2,28131
92660,56223,1,56223
67445,56186,1,56186
89109,56096,1,56096
40403,56054,1,56054
83123,56013,1,56013
74028,55999,2,27999.5
17724,55980,2,27990
64058,55976,1,55976
44114,55947,1,55947
40210,55800,2,27900
17028,55789,1,55789
91746,55777,1,55777
16929,55761,1,55761
84022,55723,1,55723
54904,55623,1,55623
84128,55580,1,55580
93220,55561,1,55561
59741,55531,1,55531
71762,55520,1,55520
25726,55478,1,55478
19904,55477,1,55477
75601,55131,2,27565.5
87131,55131,1,55131
71120,55126,1,55126
67109,55084,1,55084
26253,55041,1,55041
80309,54989,1,54989
29696,54866,1,54866
16050,54717,1,54717
32055,54704,1,54704
31015,54702,1,54702
55019,54670,1,54670
67543,54569,1,54569
95050,54561,2,27280.5
80751,54556,1,54556
71030,54529,1,54529
76086,54496,1,54496
80759,54450,1,54450
52627,54367,1,54367
29330,54343,1,54343
76088,54333,1,54333
67601,54323,1,54323
70591,54282,1,54282
12601,54237,3,18079
56119,54193,1,54193
67665,54136,1,54136
93245,54121,3,18040.3333333333
55350,53953,1,53953
45822,53952,1,53952
49738,53907,1,53907
94538,53901,2,26950.5
69336,53788,1,53788
1001,53752,2,26876
15344,53747,1,53747
85242,53735,1,53735
44195,53700,1,53700
48551,53572,1,53572
36525,53561,1,53561
16254,53553,1,53553
8902,53542,1,53542
84301,53494,1,53494
14709,53450,1,53450
8023,53438,1,53438
35096,53417,1,53417
8759,53393,1,53393
98663,53344,1,53344
67661,53316,1,53316
50256,53314,1,53314
29437,53292,1,53292
56118,53257,1,53257
76087,53222,1,53222
57103,53097,1,53097
73446,53089,2,26544.5
82710,53087,1,53087
64543,53020,1,53020
40107,52993,1,52993
28091,52914,1,52914
11203,52902,2,26451
15074,52898,1,52898
4096,52726,1,52726
74501,52684,1,52684
16901,52555,1,52555
72833,52520,2,26260
37137,52442,1,52442
49451,52405,1,52405
6615,52376,1,52376
77516,52338,1,52338
94143,52297,1,52297
49093,52268,1,52268
63775,52192,2,26096
23868,52172,1,52172
46595,52168,1,52168
29455,52140,1,52140
61630,52137,1,52137
49854,52135,1,52135
24588,52118,1,52118
17202,52088,1,52088
75965,52032,1,52032
78141,51994,1,51994
51038,51991,1,51991
69022,51969,1,51969
70725,51928,1,51928
84307,51816,1,51816
60633,51797,1,51797
71001,51610,1,51610
30680,51608,1,51608
49639,51605,2,25802.5
88201,51553,2,25776.5
79040,51547,2,25773.5
30602,51533,1,51533
60941,51527,1,51527
18072,51453,1,51453
80487,51446,1,51446
40165,51444,1,51444
85193,51349,2,25674.5
33853,51310,1,51310
76711,51296,1,51296
79187,51281,1,51281
62914,51259,2,25629.5
67104,51247,1,51247
60804,51240,1,51240
32134,51055,1,51055
37841,51044,1,51044
34221,51030,1,51030
14743,51021,1,51021
19390,50933,1,50933
53718,50930,2,25465
92392,50926,1,50926
47240,50885,2,25442.5
68418,50847,1,50847
51533,50807,1,50807
92182,50779,1,50779
76437,50759,1,50759
10462,50722,1,50722
33896,50615,1,50615
73019,50547,1,50547
6804,50539,1,50539
42261,50468,1,50468
37174,50455,1,50455
6235,50426,1,50426
73112,50423,1,50423
24541,50329,1,50329
66032,50317,1,50317
49037,50311,1,50311
70118,50287,1,50287
50036,50275,1,50275
28269,50136,1,50136
29646,50087,1,50087
87506,50074,1,50074
8865,50026,1,50026
95616,49931,1,49931
38641,49924,1,49924
43608,49812,1,49812
3570,49800,1,49800
67214,49775,1,49775
55336,49756,1,49756
60915,49729,1,49729
96749,49709,1,49709
23607,49707,1,49707
49696,49633,1,49633
71031,49561,1,49561
77301,49519,2,24759.5
21801,49506,1,49506
48439,49422,1,49422
21704,49420,1,49420
93060,49415,1,49415
969,49395,1,49395
75401,49395,1,49395
30501,49387,1,49387
30705,49318,1,49318
57248,49285,1,49285
92354,49210,1,49210
75931,49170,1,49170
37617,49090,1,49090
2134,49083,1,49083
76247,48988,1,48988
32097,48981,1,48981
18853,48934,2,24467
40516,48884,1,48884
28033,48874,1,48874
39667,48783,1,48783
37754,48759,1,48759
67865,48759,1,48759
37341,48733,1,48733
15213,48730,1,48730
26351,48730,1,48730
50703,48704,1,48704
69044,48700,1,48700
30322,48643,1,48643
43739,48598,1,48598
30547,48577,1,48577
76010,48576,1,48576
23510,48573,1,48573
62024,48569,2,24284.5
24586,48541,1,48541
84017,48519,1,48519
83440,48508,1,48508
40380,48488,1,48488
35961,48467,1,48467
31537,48457,1,48457
62634,48442,1,48442
87499,48440,1,48440
69150,48377,1,48377
731,48277,1,48277
93522,48218,1,48218
71351,48211,1,48211
91301,48172,1,48172
11779,48138,1,48138
13244,48134,1,48134
64759,48105,1,48105
16049,48032,1,48032
31098,48008,1,48008
18517,47985,1,47985
41571,47953,1,47953
48134,47885,1,47885
36078,47862,1,47862
13682,47809,1,47809
61244,47750,1,47750
76705,47696,1,47696
94514,47679,1,47679
93272,47678,1,47678
58781,47672,2,23836
55902,47670,1,47670
24416,47648,1,47648
12477,47630,1,47630
987,47574,1,47574
93436,47567,2,23783.5
76134,47561,2,23780.5
48858,47553,2,23776.5
92285,47543,1,47543
98953,47466,1,47466
61747,47463,1,47463
71346,47377,1,47377
81401,47375,1,47375
1810,47363,1,47363
29472,47352,1,47352
23924,47292,1,47292
30250,47286,1,47286
15143,47226,1,47226
75069,47220,1,47220
67870,47062,1,47062
48847,47031,1,47031
70531,46996,1,46996
73491,46911,1,46911
92363,46870,1,46870
21835,46849,1,46849
17033,46847,1,46847
85334,46840,1,46840
60942,46770,1,46770
32427,46769,1,46769
90602,46732,1,46732
35031,46673,1,46673
15275,46608,1,46608
8016,46432,3,15477.3333333333
53115,46406,1,46406
58790,46348,1,46348
64129,46333,1,46333
64082,46307,1,46307
92257,46279,1,46279
28306,46277,1,46277
28645,46223,1,46223
50220,46152,1,46152
8037,46128,1,46128
15003,46110,1,46110
92311,46101,1,46101
79761,46086,1,46086
92614,46077,1,46077
32334,46064,1,46064
99553,46061,1,46061
28364,46012,1,46012
8361,45952,1,45952
55807,45936,2,22968
12033,45912,1,45912
24202,45720,1,45720
86404,45662,1,45662
49601,45627,1,45627
82732,45601,1,45601
31312,45579,1,45579
75001,45506,2,22753
23952,45500,1,45500
91770,45491,1,45491
38611,45433,2,22716.5
44041,45378,1,45378
27025,45313,1,45313
85344,45304,1,45304
73541,45177,1,45177
27299,45140,1,45140
85540,45137,1,45137
74825,45096,1,45096
77350,45064,1,45064
75062,45053,1,45053
55917,45041,1,45041
71269,45031,1,45031
21802,45021,1,45021
49946,45020,2,22510
16915,45015,1,45015
36611,44996,1,44996
79916,44871,1,44871
44314,44838,1,44838
80523,44836,1,44836
17856,44822,1,44822
38106,44821,1,44821
51401,44800,1,44800
45840,44700,1,44700
90755,44687,1,44687
36759,44667,1,44667
32060,44656,2,22328
18470,44650,1,44650
23301,44613,1,44613
80435,44565,1,44565
38224,44560,1,44560
42437,44525,1,44525
50450,44514,1,44514
57260,44450,1,44450
85623,44447,1,44447
21154,44442,1,44442
70585,44425,1,44425
47302,44387,1,44387
2127,44355,1,44355
94587,44274,1,44274
20640,44129,1,44129
73067,44096,1,44096
11520,44069,2,22034.5
79081,43949,1,43949
47724,43899,1,43899
80018,43853,1,43853
10924,43838,1,43838
48065,43795,1,43795
43055,43789,1,43789
43917,43777,1,43777
1615,43771,1,43771
88023,43748,1,43748
60666,43687,1,43687
70047,43635,1,43635
88130,43572,1,43572
95948,43463,1,43463
30063,43418,1,43418
12067,43315,1,43315
25045,43274,1,43274
54601,43211,1,43211
73089,43207,1,43207
72653,43204,1,43204
27516,43198,1,43198
93230,43177,3,14392.3333333333
48415,43144,1,43144
61833,43121,1,43121
52231,43096,1,43096
92821,42997,1,42997
16161,42957,1,42957
38281,42924,1,42924
12732,42838,1,42838
98802,42821,1,42821
72160,42773,1,42773
12205,42755,1,42755
78249,42726,1,42726
52726,42669,1,42669
46783,42534,1,42534
75461,42511,1,42511
79821,42501,1,42501
17013,42486,1,42486
99301,42468,2,21234
15017,42448,1,42448
68512,42427,1,42427
62707,42372,2,21186
79003,42329,1,42329
16657,42298,1,42298
30354,42270,1,42270
17748,42256,1,42256
58201,42210,1,42210
44242,42182,1,42182
38703,42167,1,42167
71742,42167,1,42167
20057,42166,1,42166
35490,42141,1,42141
10032,42091,1,42091
37831,42083,1,42083
88203,42069,1,42069
77501,42022,1,42022
46517,42019,2,21009.5
75860,42017,1,42017
73011,42002,1,42002
12031,41993,1,41993
97843,41938,1,41938
54474,41885,1,41885
37347,41878,1,41878
54129,41846,1,41846
33440,41832,1,41832
41701,41827,1,41827
20774,41826,1,41826
98314,41809,1,41809
44307,41771,1,41771
98823,41759,1,41759
97741,41730,1,41730
23086,41700,1,41700
62801,41691,1,41691
55051,41684,1,41684
79118,41626,1,41626
8648,41561,1,41561
36010,41530,1,41530
13084,41488,1,41488
58757,41464,1,41464
93117,41423,1,41423
14030,41385,1,41385
71801,41378,1,41378
3755,41362,1,41362
85282,41284,1,41284
71008,41263,2,20631.5
62924,41232,1,41232
74864,41226,1,41226
65473,41204,1,41204
75570,41175,1,41175
62618,41138,1,41138
66053,41123,1,41123
43433,41086,1,41086
80102,41068,1,41068
57006,41062,1,41062
29355,41052,1,41052
19551,40991,1,40991
48090,40909,1,40909
16686,40880,1,40880
78259,40862,1,40862
14048,40800,1,40800
7840,40738,1,40738
66542,40731,1,40731
7823,40717,1,40717
64741,40707,1,40707
59912,40706,1,40706
64056,40703,1,40703
22827,40615,1,40615
40213,40581,1,40581
95307,40569,1,40569
24343,40559,1,40559
8234,40552,1,40552
42223,40548,1,40548
60585,40470,1,40470
25502,40458,1,40458
15626,40436,1,40436
41175,40426,1,40426
16239,40413,1,40413
55441,40396,1,40396
16735,40380,2,20190
55802,40364,1,40364
28412,40329,1,40329
28634,40293,1,40293
70788,40290,1,40290
32835,40244,1,40244
31217,40243,2,20121.5
60417,40227,1,40227
28458,40201,1,40201
13905,40199,1,40199
45660,40176,1,40176
92251,40169,1,40169
56347,40127,1,40127
37218,40072,1,40072
26570,40066,1,40066
44626,39963,1,39963
67502,39923,1,39923
26411,39908,1,39908
49339,39900,1,39900
73663,39828,1,39828
53226,39824,1,39824
76486,39798,1,39798
6106,39791,1,39791
77868,39754,1,39754
84401,39748,1,39748
2330,39735,1,39735
38555,39728,1,39728
61354,39674,1,39674
49016,39663,1,39663
56267,39582,1,39582
31031,39557,1,39557
90012,39541,2,19770.5
45014,39530,1,39530
79331,39519,1,39519
16346,39518,1,39518
64466,39487,1,39487
48095,39462,1,39462
19803,39431,1,39431
74873,39428,1,39428
29078,39377,1,39377
67748,39373,1,39373
78003,39353,1,39353
48859,39196,1,39196
28533,39135,1,39135
45320,39135,1,39135
49724,39116,1,39116
35062,39108,1,39108
54467,39067,1,39067
61929,39038,1,39038
59270,39019,3,13006.3333333333
43783,39011,1,39011
30103,38972,1,38972
7110,38948,1,38948
73734,38946,1,38946
79546,38924,1,38924
56232,38892,1,38892
65667,38866,1,38866
38967,38807,1,38807
20889,38782,1,38782
36922,38671,1,38671
40219,38637,1,38637
73084,38633,1,38633
48197,38611,1,38611
95348,38592,1,38592
53963,38558,1,38558
58503,38519,1,38519
74860,38496,1,38496
35768,38473,1,38473
83201,38434,1,38434
52577,38422,1,38422
58206,38365,1,38365
56187,38306,1,38306
6037,38238,1,38238
95620,38238,1,38238
72701,38155,1,38155
92278,38143,1,38143
70570,38116,1,38116
30753,38110,1,38110
89161,38096,1,38096
12047,38061,1,38061
97048,38039,1,38039
39345,38019,1,38019
54437,38018,1,38018
65240,38008,1,38008
29208,37991,1,37991
32568,37979,1,37979
87026,37979,1,37979
67530,37851,1,37851
19716,37843,1,37843
23298,37808,1,37808
28311,37781,1,37781
36830,37774,1,37774
29207,37769,1,37769
40065,37760,1,37760
71923,37754,1,37754
90813,37753,1,37753
72413,37721,1,37721
33493,37702,1,37702
43164,37678,1,37678
17090,37668,1,37668
36346,37605,1,37605
78656,37575,1,37575
35609,37564,1,37564
55420,37489,1,37489
99692,37470,1,37470
70512,37446,1,37446
70755,37441,1,37441
19504,37429,1,37429
99508,37408,1,37408
94550,37396,1,37396
58202,37358,1,37358
55057,37319,1,37319
26521,37274,1,37274
52638,37272,1,37272
36201,37259,3,12419.6666666667
80653,37227,1,37227
93930,37181,2,18590.5
77991,37136,1,37136
10029,37107,1,37107
74653,37100,1,37100
66506,37052,1,37052
93455,37000,1,37000
81005,36997,1,36997
75244,36950,1,36950
55066,36897,1,36897
14303,36886,2,18443
74502,36862,1,36862
7043,36784,1,36784
14830,36749,1,36749
67557,36720,1,36720
18370,36717,1,36717
23442,36717,1,36717
98944,36711,1,36711
68124,36669,1,36669
74561,36654,1,36654
77875,36650,1,36650
14141,36637,1,36637
48886,36574,1,36574
45302,36549,1,36549
43964,36543,1,36543
68661,36515,1,36515
27406,36504,1,36504
50233,36491,1,36491
39641,36432,1,36432
68405,36420,1,36420
49659,36386,1,36386
60611,36317,2,18158.5
15690,36310,1,36310
68748,36291,1,36291
74531,36272,1,36272
75115,36166,1,36166
54603,36165,1,36165
53120,35972,1,35972
54401,35941,1,35941
15212,35906,1,35906
76504,35816,1,35816
15846,35793,1,35793
80524,35740,1,35740
52101,35734,1,35734
15012,35679,1,35679
63841,35670,1,35670
31905,35666,1,35666
52402,35611,1,35611
93012,35584,2,17792
25428,35496,1,35496
26884,35452,1,35452
85256,35450,1,35450
97331,35355,1,35355
49663,35340,1,35340
49664,35336,1,35336
91321,35259,1,35259
59750,35245,1,35245
56470,35239,1,35239
78159,35221,1,35221
16531,35203,1,35203
30563,35201,1,35201
94088,35131,1,35131
27292,35125,2,17562.5
37132,35065,1,35065
83709,35061,1,35061
88310,35039,1,35039
33843,35012,1,35012
82401,34968,1,34968
80634,34967,1,34967
71270,34965,1,34965
28530,34955,1,34955
59602,34916,1,34916
1344,34874,1,34874
4957,34848,1,34848
66711,34835,1,34835
63902,34784,1,34784
61257,34753,1,34753
35976,34714,1,34714
15126,34694,1,34694
88318,34680,1,34680
73116,34674,1,34674
76179,34657,1,34657
74631,34638,1,34638
62837,34626,1,34626
60619,34617,1,34617
31021,34592,1,34592
49765,34555,1,34555
27203,34534,1,34534
48625,34529,1,34529
91125,34497,1,34497
48686,34493,1,34493
1960,34489,1,34489
80525,34457,1,34457
15021,34386,1,34386
40121,34369,1,34369
48133,34361,1,34361
7719,34351,1,34351
12962,34323,1,34323
73082,34321,1,34321
14120,34310,1,34310
15282,34275,1,34275
32778,34271,1,34271
40070,34239,1,34239
48463,34238,1,34238
19512,34232,1,34232
80810,34219,1,34219
37830,34204,1,34204
93706,34194,2,17097
784,34174,1,34174
35126,34142,1,34142
96705,34141,1,34141
61731,34121,1,34121
35674,34112,1,34112
1731,34054,1,34054
72830,34048,1,34048
58401,34020,1,34020
48211,33967,1,33967
23030,33942,1,33942
30332,33909,1,33909
10996,33887,1,33887
30185,33857,1,33857
97333,33835,1,33835
18964,33821,1,33821
78629,33809,1,33809
33332,33794,1,33794
17729,33764,1,33764
85739,33750,1,33750
49441,33735,1,33735
80652,33721,1,33721
15683,33693,1,33693
6349,33690,1,33690
2780,33674,2,16837
13101,33672,1,33672
43619,33635,1,33635
29673,33632,1,33632
29829,33613,1,33613
46904,33558,1,33558
39051,33554,1,33554
13904,33547,1,33547
92862,33546,1,33546
47130,33510,1,33510
54936,33504,1,33504
14901,33487,1,33487
78725,33463,1,33463
29556,33421,1,33421
850,33352,1,33352
97918,33340,1,33340
88267,33334,1,33334
98001,33303,1,33303
27054,33230,1,33230
48060,33174,1,33174
30642,33165,1,33165
58027,33129,1,33129
57069,33092,1,33092
94503,33077,1,33077
54166,33064,1,33064
45332,33058,1,33058
48202,33054,1,33054
54660,33045,1,33045
15458,33034,1,33034
21601,32983,1,32983
92324,32896,2,16448
87036,32861,1,32861
85139,32808,1,32808
47558,32759,1,32759
54154,32739,1,32739
24504,32734,1,32734
76941,32724,1,32724
42701,32721,1,32721
26323,32682,1,32682
28208,32673,1,32673
60411,32670,1,32670
85632,32653,1,32653
27102,32617,1,32617
27539,32591,1,32591
8628,32586,1,32586
41094,32576,1,32576
63764,32544,1,32544
78251,32536,1,32536
22841,32533,1,32533
78264,32500,1,32500
7922,32481,1,32481
11973,32466,1,32466
74723,32450,1,32450
38666,32427,1,32427
34117,32425,1,32425
38053,32423,1,32423
21769,32404,1,32404
32968,32367,1,32367
99645,32309,1,32309
85219,32298,1,32298
99322,32237,2,16118.5
48073,32223,1,32223
96080,32167,1,32167
60098,32160,1,32160
70170,32124,1,32124
93314,32120,1,32120
79029,31990,1,31990
68198,31943,1,31943
37601,31913,1,31913
55903,31912,1,31912
52778,31887,1,31887
85356,31879,1,31879
98857,31872,1,31872
78058,31844,1,31844
13403,31841,1,31841
5485,31830,1,31830
6103,31798,1,31798
94560,31792,1,31792
77034,31777,1,31777
31061,31743,1,31743
16041,31730,1,31730
22960,31710,1,31710
61843,31673,1,31673
79019,31667,1,31667
78123,31662,1,31662
35160,31645,1,31645
12828,31614,1,31614
71366,31561,1,31561
97058,31545,1,31545
99027,31456,1,31456
16442,31443,1,31443
55008,31418,1,31418
28170,31400,1,31400
89146,31396,2,15698
64772,31394,1,31394
24523,31387,1,31387
53208,31356,1,31356
55415,31326,1,31326
99559,31288,1,31288
17257,31281,1,31281
34241,31278,1,31278
49341,31260,1,31260
94305,31196,1,31196
80209,31166,1,31166
72112,31147,1,31147
71268,31133,1,31133
71429,31130,1,31130
90723,31109,1,31109
17837,31037,1,31037
67301,30986,1,30986
90045,30982,1,30982
23324,30967,1,30967
99506,30950,1,30950
44446,30948,1,30948
17822,30901,1,30901
99354,30899,1,30899
48854,30892,1,30892
61462,30838,1,30838
38112,30834,1,30834
52535,30814,1,30814
26058,30808,1,30808
7101,30803,1,30803
1473,30720,1,30720
70615,30706,1,30706
31408,30704,1,30704
92504,30694,1,30694
24517,30662,1,30662
18040,30634,1,30634
49762,30633,1,30633
13760,30628,1,30628
48214,30618,1,30618
89419,30567,1,30567
8530,30523,1,30523
18419,30522,1,30522
86327,30520,1,30520
17211,30491,1,30491
75473,30482,1,30482
83338,30475,1,30475
45614,30454,1,30454
29936,30450,1,30450
29652,30447,1,30447
92703,30431,1,30431
39216,30420,1,30420
11224,30342,1,30342
29851,30339,1,30339
43612,30309,1,30309
88003,30292,1,30292
34461,30259,1,30259
78716,30258,1,30258
22980,30257,1,30257
50273,30252,1,30252
30601,30246,1,30246
61032,30192,1,30192
60901,30170,1,30170
61834,30168,1,30168
70785,30148,1,30148
70549,30125,1,30125
35563,30098,1,30098
75203,30070,1,30070
71243,30023,1,30023
37821,30003,1,30003
98848,29971,1,29971
72943,29966,1,29966
40143,29962,1,29962
84319,29942,1,29942
68142,29934,1,29934
10467,29895,1,29895
48667,29886,1,29886
67035,29881,1,29881
78205,29880,1,29880
46120,29834,1,29834
64507,29833,1,29833
43229,29822,1,29822
19939,29807,1,29807
56738,29807,1,29807
36105,29769,1,29769
75148,29751,1,29751
71409,29666,1,29666
37030,29644,1,29644
7407,29614,1,29614
99685,29612,1,29612
48108,29611,1,29611
61832,29589,1,29589
29801,29581,1,29581
24521,29580,1,29580
39562,29578,1,29578
91406,29572,1,29572
92593,29564,1,29564
78130,29557,1,29557
54848,29542,1,29542
23185,29532,1,29532
37210,29485,1,29485
45418,29485,1,29485
84012,29455,1,29455
33563,29400,1,29400
18630,29364,1,29364
48742,29359,1,29359
71944,29337,1,29337
15022,29333,2,14666.5
46158,29274,1,29274
60154,29264,1,29264
55303,29257,1,29257
71743,29243,1,29243
36784,29223,1,29223
64093,29205,1,29205
96007,29170,1,29170
57078,29166,1,29166
80403,29147,1,29147
25430,29110,1,29110
71055,29096,1,29096
61517,29088,1,29088
62522,29067,1,29067
97355,28972,1,28972
43830,28933,1,28933
59313,28933,1,28933
29745,28917,1,28917
33565,28878,1,28878
6512,28841,1,28841
8807,28824,1,28824
77586,28786,1,28786
37415,28776,1,28776
61455,28760,2,14380
95064,28757,1,28757
70735,28732,1,28732
45229,28731,1,28731
79703,28728,1,28728
14649,28714,2,14357
97051,28698,1,28698
74884,28674,1,28674
38851,28665,1,28665
75974,28643,1,28643
99141,28618,2,14309
70443,28614,1,28614
79258,28608,1,28608
27105,28594,1,28594
26146,28565,1,28565
80249,28551,1,28551
44012,28540,1,28540
65265,28540,1,28540
75963,28505,1,28505
71237,28481,1,28481
65202,28457,1,28457
54217,28456,1,28456
63134,28385,1,28385
75951,28382,2,14191
94804,28366,1,28366
48866,28358,1,28358
73002,28355,1,28355
30119,28343,1,28343
91201,28343,1,28343
31721,28330,1,28330
88316,28330,1,28330
38618,28317,1,28317
25049,28255,2,14127.5
47802,28237,1,28237
58755,28183,1,28183
14020,28162,2,14081
61254,28154,1,28154
56308,28147,1,28147
93458,28098,1,28098
65101,28024,1,28024
40110,28007,1,28007
45030,28000,1,28000
7728,27991,1,27991
42456,27984,1,27984
75946,27965,1,27965
70507,27951,1,27951
70508,27926,1,27926
56283,27921,1,27921
78621,27873,1,27873
92373,27820,2,13910
44662,27800,1,27800
15767,27798,1,27798
59802,27790,1,27790
2115,27779,1,27779
72076,27778,1,27778
54471,27743,1,27743
48310,27742,1,27742
54964,27738,1,27738
39201,27731,1,27731
96134,27698,1,27698
56573,27668,1,27668
27610,27664,1,27664
95357,27664,1,27664
15501,27663,1,27663
50588,27655,1,27655
12150,27614,1,27614
4469,27605,1,27605
73638,27535,1,27535
54701,27472,1,27472
77419,27456,1,27456
10461,27396,1,27396
66937,27393,1,27393
17847,27380,1,27380
48879,27374,1,27374
17555,27369,1,27369
46797,27352,1,27352
71701,27347,1,27347
55450,27340,1,27340
95192,27333,1,27333
43316,27308,1,27308
31523,27209,1,27209
15935,27198,1,27198
99336,27198,1,27198
24301,27161,1,27161
22657,27146,1,27146
28328,27143,1,27143
14702,27141,1,27141
42749,27086,1,27086
94128,27079,1,27079
1910,27001,1,27001
85756,26984,1,26984
50208,26974,1,26974
83634,26966,1,26966
99326,26956,1,26956
45001,26940,1,26940
19140,26925,1,26925
5405,26908,1,26908
24073,26886,1,26886
40322,26884,1,26884
45636,26878,1,26878
67504,26870,2,13435
15088,26846,1,26846
91355,26838,1,26838
8608,26809,1,26809
7960,26802,1,26802
18327,26779,1,26779
70058,26744,1,26744
30308,26720,1,26720
68066,26711,1,26711
49401,26708,1,26708
94080,26700,1,26700
70778,26657,1,26657
28273,26631,1,26631
63379,26629,1,26629
43837,26596,1,26596
24269,26526,1,26526
36203,26517,1,26517
39090,26503,1,26503
22807,26502,1,26502
47358,26500,1,26500
49106,26492,1,26492
17101,26487,1,26487
79404,26481,2,13240.5
74454,26479,1,26479
52246,26465,1,26465
23218,26460,1,26460
93212,26457,1,26457
37388,26435,2,13217.5
53032,26421,1,26421
40225,26399,1,26399
27107,26387,1,26387
12095,26379,1,26379
12123,26359,1,26359
68127,26356,1,26356
66064,26324,1,26324
80840,26292,1,26292
43056,26176,1,26176
80729,26162,1,26162
39359,26160,1,26160
33166,26158,1,26158
93727,26078,1,26078
27030,26066,1,26066
37086,26065,1,26065
16142,26049,1,26049
693,26032,1,26032
68350,26020,1,26020
61360,25966,1,25966
39666,25956,1,25956
19720,25940,1,25940
43945,25915,1,25915
89028,25894,1,25894
62274,25883,1,25883
4357,25875,1,25875
76301,25837,2,12918.5
25515,25829,1,25829
14219,25828,1,25828
78377,25783,1,25783
58622,25777,1,25777
21104,25772,1,25772
35643,25746,1,25746
89015,25741,1,25741
74831,25740,1,25740
70592,25734,1,25734
68059,25626,1,25626
30014,25574,1,25574
75657,25572,1,25572
85232,25558,1,25558
45833,25551,1,25551
60088,25551,1,25551
19129,25533,1,25533
60153,25510,1,25510
8067,25507,1,25507
32542,25481,1,25481
72616,25456,1,25456
29406,25454,1,25454
39556,25443,1,25443
73009,25436,1,25436
63556,25433,1,25433
14207,25393,1,25393
68588,25371,1,25371
5701,25357,2,12678.5
33413,25342,1,25342
25403,25289,1,25289
76574,25205,1,25205
13440,25176,1,25176
44705,25161,1,25161
15146,25126,1,25126
43228,25116,1,25116
71213,25106,1,25106
77020,25104,1,25104
74078,25095,1,25095
63448,25079,1,25079
43416,25060,1,25060
20052,25057,1,25057
86426,25042,1,25042
38103,25021,1,25021
14580,24998,1,24998
2912,24994,1,24994
44230,24950,1,24950
87419,24941,1,24941
32608,24895,1,24895
82071,24844,1,24844
77032,24830,1,24830
38114,24800,1,24800
27409,24793,1,24793
29532,24788,1,24788
10305,24768,1,24768
90222,24756,1,24756
16509,24740,1,24740
61790,24728,1,24728
53177,24715,1,24715
11040,24713,1,24713
10520,24691,1,24691
31036,24691,1,24691
37357,24680,1,24680
12831,24679,1,24679
8028,24623,1,24623
21520,24516,1,24516
62568,24473,1,24473
43207,24409,1,24409
60085,24406,1,24406
19007,24350,1,24350
47106,24280,1,24280
62002,24279,1,24279
32505,24275,1,24275
62458,24263,1,24263
66442,24258,1,24258
46785,24256,1,24256
43155,24250,1,24250
18337,24240,1,24240
97754,24192,1,24192
16329,24129,1,24129
54739,24124,1,24124
30213,24123,1,24123
1801,24117,1,24117
14607,24109,1,24109
77412,24094,1,24094
42025,24084,2,12042
19804,24078,1,24078
48650,24026,1,24026
90033,23974,1,23974
23114,23972,1,23972
26764,23940,1,23940
63350,23923,1,23923
79901,23896,1,23896
91105,23889,1,23889
32580,23877,1,23877
67054,23791,1,23791
29607,23787,1,23787
18831,23756,1,23756
19104,23736,1,23736
38113,23711,1,23711
54449,23657,1,23657
48380,23646,1,23646
48239,23631,1,23631
63147,23602,1,23602
22060,23584,1,23584
43754,23574,1,23574
32011,23521,1,23521
62536,23502,1,23502
37091,23477,1,23477
73735,23473,1,23473
15456,23467,1,23467
45640,23399,1,23399
40031,23398,1,23398
96748,23384,1,23384
8085,23375,1,23375
39756,23359,1,23359
93313,23341,1,23341
19078,23332,1,23332
84629,23321,1,23321
49098,23306,1,23306
38677,23302,1,23302
1420,23288,1,23288
43788,23283,1,23283
26104,23281,1,23281
29684,23247,1,23247
26726,23245,1,23245
37389,23195,1,23195
31833,23188,1,23188
75061,23187,1,23187
93535,23179,1,23179
75091,23164,1,23164
61008,23146,1,23146
77575,23129,1,23129
20375,23094,1,23094
38804,23061,1,23061
80929,23044,1,23044
30318,23043,1,23043
78117,22999,1,22999
61537,22990,1,22990
89142,22954,1,22954
13339,22949,1,22949
85231,22942,1,22942
70085,22923,1,22923
59211,22915,1,22915
97330,22911,1,22911
45040,22884,1,22884
91730,22860,1,22860
30722,22846,1,22846
32086,22791,1,22791
77016,22774,1,22774
94025,22637,1,22637
54247,22559,1,22559
19801,22510,1,22510
13027,22488,1,22488
4093,22467,1,22467
53104,22442,1,22442
78234,22435,1,22435
95076,22399,2,11199.5
56352,22397,1,22397
4210,22346,1,22346
34748,22318,1,22318
98296,22301,1,22301
48198,22264,1,22264
18707,22213,1,22213
1536,22168,1,22168
19711,22132,1,22132
44843,22128,1,22128
53048,22084,1,22084
76205,22056,1,22056
16117,22033,1,22033
52806,22012,1,22012
76103,21975,1,21975
33592,21968,1,21968
84660,21964,1,21964
12068,21923,1,21923
15824,21921,1,21921
46750,21903,1,21903
61953,21876,1,21876
78041,21869,1,21869
22853,21854,1,21854
67206,21845,1,21845
30813,21803,1,21803
21218,21789,1,21789
28697,21783,1,21783
29808,21702,1,21702
7806,21669,1,21669
64451,21664,1,21664
19135,21563,1,21563
95969,21526,1,21526
47522,21489,1,21489
60629,21412,1,21412
77435,21409,1,21409
28551,21403,1,21403
4740,21371,1,21371
6708,21363,1,21363
80302,21336,1,21336
36869,21329,1,21329
8848,21318,1,21318
49307,21276,1,21276
39762,21270,1,21270
48162,21172,1,21172
45056,21097,1,21097
76108,21045,1,21045
47977,21043,1,21043
49657,21001,1,21001
7114,20977,1,20977
54935,20963,1,20963
47840,20957,1,20957
25632,20900,2,10450
79743,20833,1,20833
19611,20807,1,20807
80261,20800,1,20800
73931,20780,1,20780
63103,20734,2,10367
56676,20674,1,20674
54901,20624,1,20624
47720,20511,1,20511
53082,20501,1,20501
93627,20479,1,20479
56042,20448,1,20448
71027,20445,1,20445
96752,20433,1,20433
64116,20413,1,20413
3824,20385,1,20385
38019,20359,2,10179.5
60440,20353,1,20353
12345,20332,1,20332
30288,20324,2,10162
92055,20315,1,20315
76905,20227,1,20227
87107,20208,1,20208
27565,20196,1,20196
44718,20181,1,20181
49733,20077,1,20077
77082,19918,1,19918
38233,19869,1,19869
67441,19838,1,19838
73481,19817,1,19817
45885,19790,1,19790
56401,19777,1,19777
2128,19750,1,19750
28379,19707,1,19707
56157,19682,1,19682
81652,19661,1,19661
48633,19625,1,19625
28164,19532,1,19532
90274,19445,1,19445
60012,19444,1,19444
86011,19338,1,19338
70081,19293,1,19293
33467,19280,1,19280
44301,19234,1,19234
85331,19227,1,19227
38664,19201,1,19201
28128,19189,1,19189
47306,19020,1,19020
23434,18953,1,18953
43102,18857,1,18857
47711,18834,1,18834
43125,18805,1,18805
93612,18767,1,18767
19426,18762,1,18762
37166,18747,1,18747
11211,18741,1,18741
16061,18727,2,9363.5
48005,18603,1,18603
93225,18585,1,18585
52601,18575,1,18575
44147,18542,1,18542
78049,18514,1,18514
33173,18508,1,18508
12803,18507,1,18507
2184,18347,1,18347
71603,18310,1,18310
61342,18300,1,18300
35630,18274,1,18274
12309,18259,1,18259
93239,18259,1,18259
35004,18145,1,18145
37410,18140,1,18140
77951,18106,1,18106
23415,18058,1,18058
46580,17940,1,17940
57701,17862,1,17862
30263,17808,1,17808
14760,17796,1,17796
54923,17736,1,17736
15642,17725,1,17725
33430,17712,1,17712
99220,17706,2,8853
74522,17677,1,17677
25427,17659,1,17659
47408,17657,1,17657
29369,17631,1,17631
2747,17608,1,17608
75507,17537,1,17537
88005,17462,1,17462
67867,17407,1,17407
13491,17269,1,17269
49419,17252,1,17252
70360,17219,1,17219
17225,17210,1,17210
72802,17209,1,17209
75075,17179,1,17179
79401,17086,1,17086
1056,17081,1,17081
54895,17064,1,17064
2722,17059,1,17059
62314,16982,1,16982
55347,16843,1,16843
60626,16733,1,16733
19943,16729,1,16729
76011,16714,1,16714
93001,16697,1,16697
78236,16613,1,16613
16912,16548,1,16548
30349,16504,1,16504
85027,16428,1,16428
36372,16391,1,16391
75423,16337,1,16337
42325,16335,1,16335
57059,16316,1,16316
62237,16290,1,16290
90746,16271,1,16271
82601,16242,1,16242
13902,16071,1,16071
38052,16052,1,16052
33601,16039,1,16039
78355,16032,1,16032
15136,16013,1,16013
7031,16011,1,16011
75968,15984,1,15984
99501,15971,1,15971
49802,15944,1,15944
87004,15755,1,15755
39451,15754,1,15754
51360,15753,1,15753
57717,15703,1,15703
14810,15691,1,15691
43611,15679,1,15679
67335,15610,1,15610
49099,15586,1,15586
70339,15540,1,15540
89301,15487,1,15487
47598,15486,1,15486
31090,15446,1,15446
52003,15419,1,15419
11786,15373,1,15373
16347,15319,1,15319
86001,15318,1,15318
37854,15308,1,15308
17516,15297,1,15297
97007,15228,1,15228
40484,15190,1,15190
16650,15188,1,15188
46628,15145,1,15145
53038,15063,1,15063
20109,15001,1,15001
29153,14984,1,14984
60133,14874,1,14874
55024,14792,1,14792
16002,14780,1,14780
29483,14703,1,14703
78545,14699,2,7349.5
54847,14627,1,14627
60525,14581,1,14581
26667,14346,1,14346
53184,14321,1,14321
8505,14279,1,14279
42304,14230,1,14230
54806,14220,1,14220
76064,14194,1,14194
44667,14181,1,14181
62960,14137,1,14137
97432,14002,1,14002
80467,13899,1,13899
71024,13886,1,13886
39465,13841,1,13841
22801,13821,1,13821
95422,13748,1,13748
24201,13735,1,13735
13340,13668,1,13668
20059,13662,1,13662
53022,13651,1,13651
26554,13624,1,13624
39301,13577,1,13577
47542,13561,1,13561
75248,13469,1,13469
60409,13419,1,13419
99337,13400,1,13400
14806,13334,1,13334
29615,13294,1,13294
48419,13292,1,13292
81036,13285,1,13285
99556,13240,1,13240
85357,13218,1,13218
35898,13181,1,13181
53703,13003,1,13003
62366,12993,1,12993
11944,12873,1,12873
77437,12868,1,12868
51560,12857,1,12857
48377,12849,2,6424.5
58769,12825,1,12825
83814,12816,1,12816
93256,12803,1,12803
73625,12704,1,12704
3581,12627,1,12627
67864,12625,1,12625
77597,12616,1,12616
4841,12585,1,12585
41042,12577,1,12577
68958,12437,1,12437
75605,12372,1,12372
15558,12256,1,12256
36207,12221,1,12221
73626,12198,1,12198
28333,12110,1,12110
60565,12055,1,12055
93420,12029,1,12029
80742,11992,1,11992
26419,11954,1,11954
44201,11947,1,11947
60118,11937,1,11937
54870,11888,1,11888
76453,11862,1,11862
49713,11802,1,11802
70119,11736,1,11736
94515,11654,1,11654
50613,11653,2,5826.5
84305,11630,1,11630
17046,11616,1,11616
73620,11577,1,11577
62694,11569,1,11569
49128,11513,1,11513
30241,11465,1,11465
49058,11459,1,11459
2149,11382,1,11382
50323,11320,1,11320
79011,11289,1,11289
36742,11252,1,11252
65337,11171,1,11171
41097,11126,1,11126
80303,11090,1,11090
19977,11047,1,11047
97220,11029,1,11029
98671,10942,1,10942
70510,10901,1,10901
21060,10839,1,10839
3054,10838,1,10838
7936,10831,1,10831
26836,10694,1,10694
36606,10654,1,10654
1201,10631,1,10631
1060,10523,1,10523
87410,10486,1,10486
92059,10446,1,10446
84520,10432,1,10432
96738,10314,1,10314
50257,10242,1,10242
43452,10216,1,10216
76008,10216,1,10216
91350,10067,1,10067
3062,10011,1,10011
27849,9986,1,9986
80747,9982,1,9982
15928,9954,1,9954
55797,9855,1,9855
85021,9853,1,9853
60442,9739,1,9739
38778,9686,1,9686
29678,9648,1,9648
60510,9618,1,9618
45661,9557,1,9557
13032,9397,1,9397
22824,9321,1,9321
62090,9183,1,9183
50438,9164,1,9164
98605,9153,1,9153
15037,9123,1,9123
15129,9109,1,9109
3784,9028,1,9028
33407,8925,1,8925
78703,8894,1,8894
44139,8829,1,8829
99023,8596,1,8596
60106,8584,1,8584
40336,8567,1,8567
66865,8517,1,8517
49753,8472,1,8472
80007,8441,1,8441
29166,8424,1,8424
91789,8397,1,8397
8086,8378,1,8378
45202,8369,1,8369
23430,8329,1,8329
81630,8270,1,8270
93657,8237,1,8237
18202,8166,1,8166
75672,8158,2,4079
27597,8130,1,8130
46241,8038,1,8038
50147,7995,1,7995
37421,7909,1,7909
67484,7626,1,7626
4474,7393,1,7393
99350,7387,1,7387
52339,7353,1,7353
95366,7247,1,7247
93465,7241,1,7241
85211,7137,1,7137
25071,7113,1,7113
79313,7102,1,7102
11553,7056,1,7056
67512,7025,1,7025
98409,6948,1,6948
77210,6931,1,6931
15731,6854,1,6854
62056,6795,1,6795
60062,6685,1,6685
36027,6546,1,6546
96814,6393,1,6393
53406,6341,1,6341
33913,6326,1,6326
65802,6300,1,6300
46761,6125,1,6125
51301,6001,1,6001
74880,5996,1,5996
93040,5948,1,5948
15666,5928,1,5928
72209,5857,1,5857
31211,5836,1,5836
99695,5820,1,5820
15924,5808,1,5808
14536,5778,1,5778
76667,5764,1,5764
13669,5752,1,5752
74801,5694,1,5694
94607,5628,1,5628
60162,5611,1,5611
1020,5417,1,5417
98375,5313,1,5313
93257,5307,1,5307
16233,5289,1,5289
84780,5288,1,5288
80126,5276,1,5276
49221,5171,1,5171
93525,5157,1,5157
8060,5058,1,5058
34432,4992,1,4992
63044,4976,1,4976
20112,4968,1,4968
2346,4882,2,2441
21532,4786,1,4786
21005,4784,1,4784
44641,4756,1,4756
26224,4753,1,4753
79252,4747,1,4747
71860,4682,1,4682
8859,4639,1,4639
61856,4614,1,4614
25654,4550,2,2275
61611,4548,1,4548
73062,4481,1,4481
93036,4478,1,4478
1550,4476,1,4476
92069,4278,1,4278
19464,4246,1,4246
74014,4236,1,4236
63645,4106,1,4106
5403,4101,1,4101
60548,4084,1,4084
48165,4037,1,4037
78563,3904,1,3904
12926,3875,1,3875
65280,3866,1,3866
65205,3823,1,3823
19103,3764,1,3764
66102,3662,1,3662
62875,3619,1,3619
63021,3571,1,3571
85701,3330,1,3330
61704,3070,1,3070
39401,3021,1,3021
39529,2905,1,2905
45152,2886,1,2886
93902,2872,1,2872
98537,2864,1,2864
1005,2756,1,2756
33701,2684,1,2684
79511,2597,1,2597
54929,2590,1,2590
92805,2455,1,2455
40299,2385,1,2385
60401,2359,1,2359
26037,2326,1,2326
18949,2299,1,2299
75253,2268,1,2268
76117,2201,1,2201
35173,2195,1,2195
95648,2000,1,2000
61920,1934,1,1934
6360,1842,1,1842
29379,1838,1,1838
60922,1764,1,1764
23692,1733,1,1733
55119,1726,1,1726
11599,1700,1,1700
2762,1661,1,1661
94577,1659,1,1659
90680,1634,1,1634
36421,1605,1,1605
22902,1602,1,1602
60087,1597,1,1597
37334,1584,1,1584
44313,1533,1,1533
62450,1491,1,1491
29644,1486,1,1486
96734,1473,1,1473
13619,1449,1,1449
42071,1434,1,1434
18512,1212,1,1212
1033,1138,1,1138
52151,1091,1,1091
48183,1080,1,1080
94303,1041,1,1041
85705,998,1,998
13461,984,1,984
30467,976,1,976
10931,970,1,970
62839,899,1,899
2338,866,1,866
98124,862,1,862
44055,828,1,828
81321,828,1,828
48609,808,1,808
33461,697,1,697
97537,667,1,667
72010,603,1,603
47547,536,1,536
98367,497,1,497
20664,471,1,471
98577,438,1,438
38346,411,1,411
39307,400,1,400
84322,400,1,400
47006,388,1,388
58501,377,1,377
48321,364,1,364
29506,332,1,332
85735,270,1,270
96113,174,1,174
66047,26,1,26
56156,10,1,10
65251,2,1,2
93263,1,1,1
